phase,distance_node_4,distance_node_7,Time_4_1,Time_4_2,Time_4_3,Time_7_1,Time_7_2,Time_7_3
2,1000,19000,0.01000305,0.01000305,0.01000305,0.010057625,0.010057625,0.010057625
2,100,19900,0.010000325,0.010000325,0.010000325,0.01006035,0.01006035,0.01006035
2,1025,18975,0.010003125,0.010003125,0.010003125,0.01005755,0.01005755,0.01005755
2,1050,18950,0.0100032,0.0100032,0.0100032,0.010057475,0.010057475,0.010057475
2,1075,18925,0.010003275,0.010003275,0.010003275,0.010057425,0.0100574,0.010057425
2,1100,18900,0.01000335,0.01000335,0.01000335,0.010057325,0.010057325,0.010057325
2,1125,18875,0.010003425,0.010003425,0.010003425,0.01005725,0.01005725,0.01005725
2,1150,18850,0.0100035,0.0100035,0.0100035,0.010057175,0.010057175,0.010057175
2,1175,18825,0.010003575,0.010003575,0.010003575,0.010057125,0.0100571,0.010057125
2,1200,18800,0.01000365,0.01000365,0.01000365,0.010057025,0.010057,0.010057025
2,1225,18775,0.010003725,0.010003725,0.010003725,0.01005695,0.01005695,0.01005695
2,1250,18750,0.0100038,0.0100038,0.0100038,0.010056875,0.010056875,0.010056875
2,125,19875,0.0100004,0.0100004,0.0100004,0.0100603,0.010060275,0.0100603
2,1275,18725,0.010003875,0.010003875,0.010003875,0.010056825,0.0100568,0.010056825
2,1300,18700,0.01000395,0.01000395,0.01000395,0.010056725,0.0100567,0.010056725
2,1325,18675,0.010004025,0.010004025,0.010004025,0.01005665,0.01005665,0.01005665
2,1350,18650,0.0100041,0.0100041,0.0100041,0.010056575,0.010056575,0.010056575
2,1375,18625,0.0100042,0.010004175,0.0100042,0.0100565,0.0100565,0.0100565
2,1400,18600,0.01000425,0.01000425,0.01000425,0.0100564,0.0100564,0.0100564
2,1425,18575,0.01000435,0.010004325,0.01000435,0.01005635,0.01005635,0.01005635
2,1450,18550,0.010004425,0.0100044,0.010004425,0.010056275,0.01005625,0.010056275
2,1475,18525,0.0100045,0.0100045,0.0100045,0.0100562,0.0100562,0.0100562
2,1500,18500,0.010004575,0.010004575,0.010004575,0.0100561,0.0100561,0.0100561
2,150,19850,0.010000475,0.010000475,0.010000475,0.010060225,0.0100602,0.010060225
2,1525,18475,0.01000465,0.01000465,0.01000465,0.01005605,0.010056025,0.01005605
2,1550,18450,0.010004725,0.010004725,0.010004725,0.010055975,0.01005595,0.010055975
2,1575,18425,0.0100048,0.0100048,0.0100048,0.0100559,0.0100559,0.0100559
2,1600,18400,0.010004875,0.010004875,0.010004875,0.0100558,0.0100558,0.0100558
2,1625,18375,0.01000495,0.01000495,0.01000495,0.01005575,0.010055725,0.01005575
2,1650,18350,0.010005025,0.010005025,0.010005025,0.010055675,0.01005565,0.010055675
2,1675,18325,0.0100051,0.0100051,0.0100051,0.0100556,0.0100556,0.0100556
2,1700,18300,0.010005175,0.010005175,0.010005175,0.0100555,0.0100555,0.0100555
2,1725,18275,0.01000525,0.01000525,0.01000525,0.01005545,0.010055425,0.01005545
2,1750,18250,0.010005325,0.010005325,0.010005325,0.010055375,0.01005535,0.010055375
2,175,19825,0.01000055,0.01000055,0.01000055,0.01006015,0.01006015,0.01006015
2,1775,18225,0.0100054,0.0100054,0.0100054,0.0100553,0.010055275,0.0100553
2,1800,18200,0.010005475,0.010005475,0.010005475,0.0100552,0.0100552,0.0100552
2,1825,18175,0.01000555,0.01000555,0.01000555,0.010055125,0.010055125,0.010055125
2,1850,18150,0.010005625,0.010005625,0.010005625,0.01005505,0.01005505,0.01005505
2,1875,18125,0.0100057,0.0100057,0.0100057,0.010055,0.010054975,0.010055
2,1900,18100,0.010005775,0.010005775,0.010005775,0.0100549,0.0100549,0.0100549
2,1925,18075,0.01000585,0.01000585,0.01000585,0.010054825,0.010054825,0.010054825
2,1950,18050,0.010005925,0.010005925,0.010005925,0.01005475,0.01005475,0.01005475
2,1975,18025,0.010006,0.010006,0.010006,0.0100547,0.010054675,0.0100547
2,2000,18000,0.010006075,0.010006075,0.010006075,0.0100546,0.010054575,0.0100546
2,200,19800,0.010000625,0.010000625,0.010000625,0.01006005,0.01006005,0.01006005
2,2025,17975,0.01000615,0.01000615,0.01000615,0.010054525,0.010054525,0.010054525
2,2050,17950,0.010006225,0.010006225,0.010006225,0.01005445,0.01005445,0.01005445
2,2075,17925,0.0100063,0.0100063,0.0100063,0.010054375,0.010054375,0.010054375
2,2100,17900,0.010006375,0.010006375,0.010006375,0.0100543,0.010054275,0.0100543
2,2125,17875,0.01000645,0.01000645,0.01000645,0.010054225,0.010054225,0.010054225
2,2150,17850,0.010006525,0.010006525,0.010006525,0.01005415,0.01005415,0.01005415
2,2175,17825,0.010006625,0.010006625,0.010006625,0.010054075,0.010054075,0.010054075
2,2200,17800,0.010006675,0.010006675,0.010006675,0.010053975,0.010053975,0.010053975
2,2225,17775,0.010006775,0.010006775,0.010006775,0.010053925,0.0100539,0.010053925
2,2250,17750,0.01000685,0.01000685,0.01000685,0.01005385,0.010053825,0.01005385
2,225,19775,0.0100007,0.0100007,0.0100007,0.01006,0.010059975,0.01006
2,2275,17725,0.010006925,0.010006925,0.010006925,0.010053775,0.010053775,0.010053775
2,2300,17700,0.010007,0.010007,0.010007,0.010053675,0.010053675,0.010053675
2,2325,17675,0.010007075,0.010007075,0.010007075,0.010053625,0.0100536,0.010053625
2,2350,17650,0.01000715,0.01000715,0.01000715,0.01005355,0.010053525,0.01005355
2,2375,17625,0.010007225,0.010007225,0.010007225,0.010053475,0.010053475,0.010053475
2,2400,17600,0.0100073,0.0100073,0.0100073,0.010053375,0.010053375,0.010053375
2,2425,17575,0.010007375,0.010007375,0.010007375,0.010053325,0.0100533,0.010053325
2,2450,17550,0.01000745,0.01000745,0.01000745,0.01005325,0.010053225,0.01005325
2,2475,17525,0.010007525,0.010007525,0.010007525,0.010053175,0.010053175,0.010053175
2,2500,17500,0.0100076,0.0100076,0.0100076,0.010053075,0.010053075,0.010053075
2,250,19750,0.010000775,0.010000775,0.010000775,0.0100599,0.0100599,0.0100599
2,2525,17475,0.010007675,0.010007675,0.010007675,0.010053,0.010053,0.010053
2,2550,17450,0.01000775,0.01000775,0.01000775,0.010052925,0.010052925,0.010052925
2,2575,17425,0.010007825,0.010007825,0.010007825,0.010052875,0.01005285,0.010052875
2,25,19975,0.0100001,0.0100001,0.0100001,0.0100606,0.0100606,0.0100606
2,2600,17400,0.0100079,0.0100079,0.0100079,0.010052775,0.010052775,0.010052775
2,2625,17375,0.010007975,0.010007975,0.010007975,0.0100527,0.0100527,0.0100527
2,2650,17350,0.01000805,0.01000805,0.01000805,0.010052625,0.010052625,0.010052625
2,2675,17325,0.010008125,0.010008125,0.010008125,0.010052575,0.01005255,0.010052575
2,2700,17300,0.0100082,0.0100082,0.0100082,0.010052475,0.01005245,0.010052475
2,2725,17275,0.010008275,0.010008275,0.010008275,0.0100524,0.0100524,0.0100524
2,2750,17250,0.01000835,0.01000835,0.01000835,0.010052325,0.010052325,0.010052325
2,275,19725,0.01000085,0.01000085,0.01000085,0.01005985,0.010059825,0.01005985
2,2775,17225,0.010008425,0.010008425,0.010008425,0.010052275,0.01005225,0.010052275
2,2800,17200,0.0100085,0.0100085,0.0100085,0.010052175,0.01005215,0.010052175
2,2825,17175,0.010008575,0.010008575,0.010008575,0.0100521,0.0100521,0.0100521
2,2850,17150,0.01000865,0.01000865,0.01000865,0.010052025,0.010052025,0.010052025
2,2875,17125,0.01000875,0.010008725,0.01000875,0.01005195,0.01005195,0.01005195
2,2900,17100,0.0100088,0.0100088,0.0100088,0.010051875,0.01005185,0.010051875
2,2925,17075,0.0100089,0.010008875,0.0100089,0.0100518,0.0100518,0.0100518
2,2950,17050,0.010008975,0.01000895,0.010008975,0.010051725,0.0100517,0.010051725
2,2975,17025,0.01000905,0.01000905,0.01000905,0.01005165,0.01005165,0.01005165
2,3000,17000,0.010009125,0.010009125,0.010009125,0.01005155,0.01005155,0.01005155
2,300,19700,0.010000925,0.010000925,0.010000925,0.01005975,0.01005975,0.01005975
2,3025,16975,0.0100092,0.0100092,0.0100092,0.0100515,0.010051475,0.0100515
2,3050,16950,0.010009275,0.010009275,0.010009275,0.010051425,0.0100514,0.010051425
2,3075,16925,0.01000935,0.01000935,0.01000935,0.01005135,0.01005135,0.01005135
2,3100,16900,0.010009425,0.010009425,0.010009425,0.01005125,0.01005125,0.01005125
2,3125,16875,0.0100095,0.0100095,0.0100095,0.0100512,0.010051175,0.0100512
2,3150,16850,0.010009575,0.010009575,0.010009575,0.010051125,0.0100511,0.010051125
2,3175,16825,0.01000965,0.01000965,0.01000965,0.01005105,0.01005105,0.01005105
2,3200,16800,0.010009725,0.010009725,0.010009725,0.01005095,0.01005095,0.01005095
2,3225,16775,0.0100098,0.0100098,0.0100098,0.0100509,0.010050875,0.0100509
2,3250,16750,0.010009875,0.010009875,0.010009875,0.010050825,0.0100508,0.010050825
2,325,19675,0.010001,0.010001,0.010001,0.010059675,0.010059675,0.010059675
2,3275,16725,0.01000995,0.01000995,0.01000995,0.01005075,0.010050725,0.01005075
2,3300,16700,0.010010025,0.010010025,0.010010025,0.01005065,0.01005065,0.01005065
2,3325,16675,0.0100101,0.0100101,0.0100101,0.010050575,0.010050575,0.010050575
2,3350,16650,0.010010175,0.010010175,0.010010175,0.0100505,0.0100505,0.0100505
2,3375,16625,0.01001025,0.01001025,0.01001025,0.01005045,0.010050425,0.01005045
2,3400,16600,0.010010325,0.010010325,0.010010325,0.01005035,0.01005035,0.01005035
2,3425,16575,0.0100104,0.0100104,0.0100104,0.010050275,0.010050275,0.010050275
2,3450,16550,0.010010475,0.010010475,0.010010475,0.0100502,0.0100502,0.0100502
2,3475,16525,0.01001055,0.01001055,0.01001055,0.01005015,0.010050125,0.01005015
2,3500,16500,0.010010625,0.010010625,0.010010625,0.01005005,0.010050025,0.01005005
2,350,19650,0.010001075,0.010001075,0.010001075,0.0100596,0.0100596,0.0100596
2,3525,16475,0.0100107,0.0100107,0.0100107,0.010049975,0.010049975,0.010049975
2,3550,16450,0.010010775,0.010010775,0.010010775,0.0100499,0.0100499,0.0100499
2,3575,16425,0.01001085,0.01001085,0.01001085,0.010049825,0.010049825,0.010049825
2,3600,16400,0.010010925,0.010010925,0.010010925,0.01004975,0.010049725,0.01004975
2,3625,16375,0.010011,0.010011,0.010011,0.010049675,0.010049675,0.010049675
2,3650,16350,0.010011075,0.010011075,0.010011075,0.0100496,0.0100496,0.0100496
2,3675,16325,0.010011175,0.01001115,0.010011175,0.010049525,0.010049525,0.010049525
2,3700,16300,0.010011225,0.010011225,0.010011225,0.010049425,0.010049425,0.010049425
2,3725,16275,0.010011325,0.0100113,0.010011325,0.010049375,0.01004935,0.010049375
2,3750,16250,0.0100114,0.0100114,0.0100114,0.0100493,0.010049275,0.0100493
2,375,19625,0.01000115,0.01000115,0.01000115,0.01005955,0.010059525,0.01005955
2,3775,16225,0.010011475,0.010011475,0.010011475,0.010049225,0.010049225,0.010049225
2,3800,16200,0.01001155,0.01001155,0.01001155,0.010049125,0.010049125,0.010049125
2,3825,16175,0.010011625,0.010011625,0.010011625,0.010049075,0.01004905,0.010049075
2,3850,16150,0.0100117,0.0100117,0.0100117,0.010049,0.010048975,0.010049
2,3875,16125,0.010011775,0.010011775,0.010011775,0.010048925,0.010048925,0.010048925
2,3900,16100,0.01001185,0.01001185,0.01001185,0.010048825,0.010048825,0.010048825
2,3925,16075,0.010011925,0.010011925,0.010011925,0.010048775,0.01004875,0.010048775
2,3950,16050,0.010012,0.010012,0.010012,0.0100487,0.010048675,0.0100487
2,3975,16025,0.010012075,0.010012075,0.010012075,0.010048625,0.010048625,0.010048625
2,4000,16000,0.01001215,0.01001215,0.01001215,0.010048525,0.010048525,0.010048525
2,400,19600,0.010001225,0.010001225,0.010001225,0.01005945,0.01005945,0.01005945
2,4025,15975,0.010012225,0.010012225,0.010012225,0.010048475,0.01004845,0.010048475
2,4050,15950,0.0100123,0.0100123,0.0100123,0.010048375,0.010048375,0.010048375
2,4075,15925,0.010012375,0.010012375,0.010012375,0.010048325,0.0100483,0.010048325
2,4100,15900,0.01001245,0.01001245,0.01001245,0.010048225,0.010048225,0.010048225
2,4125,15875,0.010012525,0.010012525,0.010012525,0.01004815,0.01004815,0.01004815
2,4150,15850,0.0100126,0.0100126,0.0100126,0.010048075,0.010048075,0.010048075
2,4175,15825,0.010012675,0.010012675,0.010012675,0.010048025,0.010048,0.010048025
2,4200,15800,0.01001275,0.01001275,0.01001275,0.010047925,0.0100479,0.010047925
2,4225,15775,0.010012825,0.010012825,0.010012825,0.01004785,0.01004785,0.01004785
2,4250,15750,0.0100129,0.0100129,0.0100129,0.010047775,0.010047775,0.010047775
2,425,19575,0.0100013,0.0100013,0.0100013,0.010059375,0.010059375,0.010059375
2,4275,15725,0.010012975,0.010012975,0.010012975,0.010047725,0.0100477,0.010047725
2,4300,15700,0.01001305,0.01001305,0.01001305,0.010047625,0.0100476,0.010047625
2,4325,15675,0.010013125,0.010013125,0.010013125,0.01004755,0.01004755,0.01004755
2,4350,15650,0.0100132,0.0100132,0.0100132,0.010047475,0.010047475,0.010047475
2,4375,15625,0.0100133,0.010013275,0.0100133,0.0100474,0.0100474,0.0100474
2,4400,15600,0.01001335,0.01001335,0.01001335,0.010047325,0.0100473,0.010047325
2,4425,15575,0.010013425,0.010013425,0.010013425,0.01004725,0.01004725,0.01004725
2,4450,15550,0.010013525,0.0100135,0.010013525,0.010047175,0.01004715,0.010047175
2,4475,15525,0.0100136,0.0100136,0.0100136,0.0100471,0.0100471,0.0100471
2,4500,15500,0.010013675,0.01001365,0.010013675,0.010047,0.010047,0.010047
2,450,19550,0.010001375,0.010001375,0.010001375,0.0100593,0.0100593,0.0100593
2,4525,15475,0.01001375,0.01001375,0.01001375,0.01004695,0.010046925,0.01004695
2,4550,15450,0.010013825,0.010013825,0.010013825,0.010046875,0.01004685,0.010046875
2,4575,15425,0.0100139,0.0100139,0.0100139,0.0100468,0.0100468,0.0100468
2,4600,15400,0.010013975,0.010013975,0.010013975,0.0100467,0.0100467,0.0100467
2,4625,15375,0.01001405,0.01001405,0.01001405,0.01004665,0.010046625,0.01004665
2,4650,15350,0.010014125,0.010014125,0.010014125,0.010046575,0.01004655,0.010046575
2,4675,15325,0.0100142,0.0100142,0.0100142,0.0100465,0.0100465,0.0100465
2,4700,15300,0.010014275,0.010014275,0.010014275,0.0100464,0.0100464,0.0100464
2,4725,15275,0.01001435,0.01001435,0.01001435,0.01004635,0.010046325,0.01004635
2,4750,15250,0.010014425,0.010014425,0.010014425,0.010046275,0.01004625,0.010046275
2,475,19525,0.01000145,0.01000145,0.01000145,0.01005925,0.010059225,0.01005925
2,4775,15225,0.0100145,0.0100145,0.0100145,0.0100462,0.010046175,0.0100462
2,4800,15200,0.010014575,0.010014575,0.010014575,0.0100461,0.0100461,0.0100461
2,4825,15175,0.01001465,0.01001465,0.01001465,0.010046025,0.010046025,0.010046025
2,4850,15150,0.010014725,0.010014725,0.010014725,0.01004595,0.01004595,0.01004595
2,4875,15125,0.0100148,0.0100148,0.0100148,0.0100459,0.010045875,0.0100459
2,4900,15100,0.010014875,0.010014875,0.010014875,0.0100458,0.0100458,0.0100458
2,4925,15075,0.01001495,0.01001495,0.01001495,0.010045725,0.010045725,0.010045725
2,4950,15050,0.010015025,0.010015025,0.010015025,0.01004565,0.01004565,0.01004565
2,4975,15025,0.0100151,0.0100151,0.0100151,0.0100456,0.010045575,0.0100456
2,5000,15000,0.010015175,0.010015175,0.010015175,0.0100455,0.010045475,0.0100455
2,500,19500,0.010001525,0.010001525,0.010001525,0.01005915,0.010059125,0.01005915
2,5025,14975,0.01001525,0.01001525,0.01001525,0.010045425,0.010045425,0.010045425
2,5050,14950,0.010015325,0.010015325,0.010015325,0.01004535,0.01004535,0.01004535
2,5075,14925,0.0100154,0.0100154,0.0100154,0.010045275,0.010045275,0.010045275
2,50,19950,0.010000175,0.010000175,0.010000175,0.010060525,0.0100605,0.010060525
2,5100,14900,0.010015475,0.010015475,0.010015475,0.0100452,0.010045175,0.0100452
2,5125,14875,0.01001555,0.01001555,0.01001555,0.010045125,0.010045125,0.010045125
2,5150,14850,0.010015625,0.010015625,0.010015625,0.01004505,0.01004505,0.01004505
2,5175,14825,0.010015725,0.0100157,0.010015725,0.010044975,0.010044975,0.010044975
2,5200,14800,0.010015775,0.010015775,0.010015775,0.010044875,0.010044875,0.010044875
2,5225,14775,0.010015875,0.01001585,0.010015875,0.010044825,0.0100448,0.010044825
2,5250,14750,0.01001595,0.01001595,0.01001595,0.01004475,0.010044725,0.01004475
2,525,19475,0.0100016,0.0100016,0.0100016,0.010059075,0.010059075,0.010059075
2,5275,14725,0.010016025,0.010016025,0.010016025,0.010044675,0.010044675,0.010044675
2,5300,14700,0.0100161,0.0100161,0.0100161,0.010044575,0.010044575,0.010044575
2,5325,14675,0.010016175,0.010016175,0.010016175,0.010044525,0.0100445,0.010044525
2,5350,14650,0.01001625,0.01001625,0.01001625,0.01004445,0.010044425,0.01004445
2,5375,14625,0.010016325,0.010016325,0.010016325,0.010044375,0.010044375,0.010044375
2,5400,14600,0.0100164,0.0100164,0.0100164,0.010044275,0.010044275,0.010044275
2,5425,14575,0.010016475,0.010016475,0.010016475,0.010044225,0.0100442,0.010044225
2,5450,14550,0.01001655,0.01001655,0.01001655,0.01004415,0.010044125,0.01004415
2,5475,14525,0.010016625,0.010016625,0.010016625,0.010044075,0.010044075,0.010044075
2,5500,14500,0.0100167,0.0100167,0.0100167,0.010043975,0.010043975,0.010043975
2,550,19450,0.010001675,0.010001675,0.010001675,0.010059,0.010059,0.010059
2,5525,14475,0.010016775,0.010016775,0.010016775,0.010043925,0.0100439,0.010043925
2,5550,14450,0.01001685,0.01001685,0.01001685,0.010043825,0.010043825,0.010043825
2,5575,14425,0.010016925,0.010016925,0.010016925,0.010043775,0.01004375,0.010043775
2,5600,14400,0.010017,0.010017,0.010017,0.010043675,0.010043675,0.010043675
2,5625,14375,0.010017075,0.010017075,0.010017075,0.0100436,0.0100436,0.0100436
2,5650,14350,0.01001715,0.01001715,0.01001715,0.010043525,0.010043525,0.010043525
2,5675,14325,0.010017225,0.010017225,0.010017225,0.010043475,0.01004345,0.010043475
2,5700,14300,0.0100173,0.0100173,0.0100173,0.010043375,0.01004335,0.010043375
2,5725,14275,0.010017375,0.010017375,0.010017375,0.0100433,0.0100433,0.0100433
2,5750,14250,0.01001745,0.01001745,0.01001745,0.010043225,0.010043225,0.010043225
2,575,19425,0.010001775,0.01000175,0.010001775,0.010058925,0.010058925,0.010058925
2,5775,14225,0.010017525,0.010017525,0.010017525,0.010043175,0.01004315,0.010043175
2,5800,14200,0.0100176,0.0100176,0.0100176,0.010043075,0.01004305,0.010043075
2,5825,14175,0.010017675,0.010017675,0.010017675,0.010043,0.010043,0.010043
2,5850,14150,0.01001775,0.01001775,0.01001775,0.010042925,0.010042925,0.010042925
2,5875,14125,0.01001785,0.010017825,0.01001785,0.01004285,0.01004285,0.01004285
2,5900,14100,0.0100179,0.0100179,0.0100179,0.010042775,0.01004275,0.010042775
2,5925,14075,0.010017975,0.010017975,0.010017975,0.0100427,0.0100427,0.0100427
2,5950,14050,0.010018075,0.01001805,0.010018075,0.010042625,0.0100426,0.010042625
2,5975,14025,0.01001815,0.01001815,0.01001815,0.01004255,0.01004255,0.01004255
2,6000,14000,0.010018225,0.0100182,0.010018225,0.01004245,0.01004245,0.01004245
2,600,19400,0.010001825,0.010001825,0.010001825,0.01005885,0.010058825,0.01005885
2,6025,13975,0.0100183,0.0100183,0.0100183,0.0100424,0.010042375,0.0100424
2,6050,13950,0.010018375,0.010018375,0.010018375,0.010042325,0.0100423,0.010042325
2,6075,13925,0.01001845,0.01001845,0.01001845,0.01004225,0.01004225,0.01004225
2,6100,13900,0.010018525,0.010018525,0.010018525,0.01004215,0.01004215,0.01004215
2,6125,13875,0.0100186,0.0100186,0.0100186,0.0100421,0.010042075,0.0100421
2,6150,13850,0.010018675,0.010018675,0.010018675,0.010042025,0.010042,0.010042025
2,6175,13825,0.01001875,0.01001875,0.01001875,0.01004195,0.01004195,0.01004195
2,6200,13800,0.010018825,0.010018825,0.010018825,0.01004185,0.01004185,0.01004185
2,6225,13775,0.0100189,0.0100189,0.0100189,0.0100418,0.010041775,0.0100418
2,6250,13750,0.010018975,0.010018975,0.010018975,0.010041725,0.0100417,0.010041725
2,625,19375,0.0100019,0.0100019,0.0100019,0.010058775,0.010058775,0.010058775
2,6275,13725,0.01001905,0.01001905,0.01001905,0.01004165,0.01004165,0.01004165
2,6300,13700,0.010019125,0.010019125,0.010019125,0.01004155,0.01004155,0.01004155
2,6325,13675,0.0100192,0.0100192,0.0100192,0.010041475,0.010041475,0.010041475
2,6350,13650,0.010019275,0.010019275,0.010019275,0.0100414,0.0100414,0.0100414
2,6375,13625,0.01001935,0.01001935,0.01001935,0.01004135,0.010041325,0.01004135
2,6400,13600,0.010019425,0.010019425,0.010019425,0.01004125,0.01004125,0.01004125
2,6425,13575,0.0100195,0.0100195,0.0100195,0.010041175,0.010041175,0.010041175
2,6450,13550,0.010019575,0.010019575,0.010019575,0.0100411,0.0100411,0.0100411
2,6475,13525,0.01001965,0.01001965,0.01001965,0.01004105,0.010041025,0.01004105
2,6500,13500,0.010019725,0.010019725,0.010019725,0.01004095,0.010040925,0.01004095
2,650,19350,0.010001975,0.010001975,0.010001975,0.0100587,0.0100587,0.0100587
2,6525,13475,0.0100198,0.0100198,0.0100198,0.010040875,0.010040875,0.010040875
2,6550,13450,0.010019875,0.010019875,0.010019875,0.0100408,0.0100408,0.0100408
2,6575,13425,0.01001995,0.01001995,0.01001995,0.01004075,0.010040725,0.01004075
2,6600,13400,0.010020025,0.010020025,0.010020025,0.01004065,0.010040625,0.01004065
2,6625,13375,0.0100201,0.0100201,0.0100201,0.010040575,0.010040575,0.010040575
2,6650,13350,0.010020175,0.010020175,0.010020175,0.0100405,0.0100405,0.0100405
2,6675,13325,0.010020275,0.01002025,0.010020275,0.010040425,0.010040425,0.010040425
2,6700,13300,0.010020325,0.010020325,0.010020325,0.010040325,0.010040325,0.010040325
2,6725,13275,0.010020425,0.0100204,0.010020425,0.010040275,0.01004025,0.010040275
2,6750,13250,0.0100205,0.010020475,0.0100205,0.0100402,0.010040175,0.0100402
2,675,19325,0.010002075,0.010002075,0.010002075,0.010058625,0.010058625,0.010058625
2,6775,13225,0.010020575,0.010020575,0.010020575,0.010040125,0.010040125,0.010040125
2,6800,13200,0.01002065,0.01002065,0.01002065,0.010040025,0.010040025,0.010040025
2,6825,13175,0.010020725,0.010020725,0.010020725,0.010039975,0.01003995,0.010039975
2,6850,13150,0.0100208,0.0100208,0.0100208,0.0100399,0.010039875,0.0100399
2,6875,13125,0.010020875,0.010020875,0.010020875,0.010039825,0.010039825,0.010039825
2,6900,13100,0.01002095,0.01002095,0.01002095,0.010039725,0.010039725,0.010039725
2,6925,13075,0.010021025,0.010021025,0.010021025,0.010039675,0.01003965,0.010039675
2,6950,13050,0.0100211,0.0100211,0.0100211,0.0100396,0.010039575,0.0100396
2,6975,13025,0.010021175,0.010021175,0.010021175,0.010039525,0.010039525,0.010039525
2,7000,13000,0.01002125,0.01002125,0.01002125,0.010039425,0.010039425,0.010039425
2,700,19300,0.010002125,0.010002125,0.010002125,0.010058525,0.010058525,0.010058525
2,7025,12975,0.010021325,0.010021325,0.010021325,0.010039375,0.01003935,0.010039375
2,7050,12950,0.0100214,0.0100214,0.0100214,0.010039275,0.010039275,0.010039275
2,7075,12925,0.010021475,0.010021475,0.010021475,0.010039225,0.0100392,0.010039225
2,7100,12900,0.01002155,0.01002155,0.01002155,0.010039125,0.010039125,0.010039125
2,7125,12875,0.010021625,0.010021625,0.010021625,0.01003905,0.01003905,0.01003905
2,7150,12850,0.0100217,0.0100217,0.0100217,0.010038975,0.010038975,0.010038975
2,7175,12825,0.010021775,0.010021775,0.010021775,0.010038925,0.0100389,0.010038925
2,7200,12800,0.01002185,0.01002185,0.01002185,0.010038825,0.010038825,0.010038825
2,7225,12775,0.010021925,0.010021925,0.010021925,0.01003875,0.01003875,0.01003875
2,7250,12750,0.010022,0.010022,0.010022,0.010038675,0.010038675,0.010038675
2,725,19275,0.010002225,0.010002225,0.010002225,0.010058475,0.01005845,0.010058475
2,7275,12725,0.010022075,0.010022075,0.010022075,0.010038625,0.0100386,0.010038625
2,7300,12700,0.01002215,0.01002215,0.01002215,0.010038525,0.0100385,0.010038525
2,7325,12675,0.010022225,0.010022225,0.010022225,0.01003845,0.01003845,0.01003845
2,7350,12650,0.0100223,0.0100223,0.0100223,0.010038375,0.010038375,0.010038375
2,7375,12625,0.0100224,0.010022375,0.0100224,0.0100383,0.0100383,0.0100383
2,7400,12600,0.01002245,0.01002245,0.01002245,0.010038225,0.0100382,0.010038225
2,7425,12575,0.010022525,0.010022525,0.010022525,0.01003815,0.01003815,0.01003815
2,7450,12550,0.0100226,0.0100226,0.0100226,0.010038075,0.010038075,0.010038075
2,7475,12525,0.0100227,0.0100227,0.0100227,0.010038,0.010038,0.010038
2,7500,12500,0.01002275,0.01002275,0.01002275,0.0100379,0.0100379,0.0100379
2,750,19250,0.0100023,0.0100023,0.0100023,0.0100584,0.010058375,0.0100584
2,7525,12475,0.01002285,0.01002285,0.01002285,0.01003785,0.010037825,0.01003785
2,7550,12450,0.010022925,0.010022925,0.010022925,0.010037775,0.01003775,0.010037775
2,7575,12425,0.010023,0.010023,0.010023,0.0100377,0.0100377,0.0100377
2,75,19925,0.01000025,0.01000025,0.01000025,0.01006045,0.01006045,0.01006045
2,7600,12400,0.010023075,0.010023075,0.010023075,0.0100376,0.0100376,0.0100376
2,7625,12375,0.01002315,0.01002315,0.01002315,0.01003755,0.010037525,0.01003755
2,7650,12350,0.010023225,0.010023225,0.010023225,0.010037475,0.01003745,0.010037475
2,7675,12325,0.0100233,0.0100233,0.0100233,0.0100374,0.0100374,0.0100374
2,7700,12300,0.010023375,0.010023375,0.010023375,0.0100373,0.0100373,0.0100373
2,7725,12275,0.01002345,0.01002345,0.01002345,0.01003725,0.010037225,0.01003725
2,7750,12250,0.010023525,0.010023525,0.010023525,0.010037175,0.01003715,0.010037175
2,775,19225,0.010002375,0.010002375,0.010002375,0.010058325,0.010058325,0.010058325
2,7775,12225,0.0100236,0.0100236,0.0100236,0.0100371,0.0100371,0.0100371
2,7800,12200,0.010023675,0.010023675,0.010023675,0.010037,0.010037,0.010037
2,7825,12175,0.01002375,0.01002375,0.01002375,0.010036925,0.010036925,0.010036925
2,7850,12150,0.010023825,0.010023825,0.010023825,0.01003685,0.01003685,0.01003685
2,7875,12125,0.0100239,0.0100239,0.0100239,0.0100368,0.010036775,0.0100368
2,7900,12100,0.010023975,0.010023975,0.010023975,0.0100367,0.0100367,0.0100367
2,7925,12075,0.01002405,0.01002405,0.01002405,0.010036625,0.010036625,0.010036625
2,7950,12050,0.010024125,0.010024125,0.010024125,0.01003655,0.01003655,0.01003655
2,7975,12025,0.0100242,0.0100242,0.0100242,0.0100365,0.010036475,0.0100365
2,8000,12000,0.010024275,0.010024275,0.010024275,0.0100364,0.010036375,0.0100364
2,800,19200,0.01000245,0.01000245,0.01000245,0.010058225,0.010058225,0.010058225
2,8025,11975,0.01002435,0.01002435,0.01002435,0.010036325,0.010036325,0.010036325
2,8050,11950,0.010024425,0.010024425,0.010024425,0.01003625,0.01003625,0.01003625
2,8075,11925,0.0100245,0.0100245,0.0100245,0.0100362,0.010036175,0.0100362
2,8100,11900,0.010024575,0.010024575,0.010024575,0.0100361,0.010036075,0.0100361
2,8125,11875,0.01002465,0.01002465,0.01002465,0.010036025,0.010036025,0.010036025
2,8150,11850,0.010024725,0.010024725,0.010024725,0.01003595,0.01003595,0.01003595
2,8175,11825,0.010024825,0.0100248,0.010024825,0.010035875,0.010035875,0.010035875
2,8200,11800,0.010024875,0.010024875,0.010024875,0.010035775,0.010035775,0.010035775
2,8225,11775,0.010024975,0.01002495,0.010024975,0.010035725,0.010035725,0.010035725
2,8250,11750,0.01002505,0.010025025,0.01002505,0.01003565,0.010035625,0.01003565
2,825,19175,0.010002525,0.010002525,0.010002525,0.010058175,0.01005815,0.010058175
2,8275,11725,0.010025125,0.010025125,0.010025125,0.010035575,0.010035575,0.010035575
2,850,19150,0.0100026,0.0100026,0.0100026,0.0100581,0.010058075,0.0100581
2,875,19125,0.010002675,0.010002675,0.010002675,0.010058025,0.010058025,0.010058025
2,900,19100,0.01000275,0.01000275,0.01000275,0.010057925,0.010057925,0.010057925
2,925,19075,0.010002825,0.010002825,0.010002825,0.010057875,0.01005785,0.010057875
2,950,19050,0.0100029,0.0100029,0.0100029,0.0100578,0.010057775,0.0100578
2,975,19025,0.010002975,0.010002975,0.010002975,0.010057725,0.010057725,0.010057725
2,1000,21000,0.01000305,0.01000305,0.01000305,0.0,0.0100637,0.0
2,100,20100,0.010000325,0.010000325,0.010000325,0.0,0.010060975,0.0
2,1025,21025,0.010003125,0.010003125,0.010003125,0.0,0.010063775,0.0
2,1050,21050,0.0100032,0.0100032,0.0100032,0.0,0.01006385,0.0
2,1075,21075,0.010003275,0.010003275,0.010003275,0.0,0.010063925,0.0
2,1100,21100,0.01000335,0.01000335,0.01000335,0.0,0.010064025,0.0
2,1125,21125,0.010003425,0.010003425,0.010003425,0.01030295,0.010064075,0.01030295
2,1150,21150,0.0100035,0.0100035,0.0100035,0.0,0.01006415,0.0
2,1175,21175,0.010003575,0.010003575,0.010003575,0.0,0.010064225,0.0
2,1200,21200,0.01000365,0.01000365,0.01000365,0.0,0.010064325,0.0
2,1225,21225,0.010003725,0.010003725,0.010003725,0.0,0.010064375,0.0
2,1250,21250,0.0100038,0.0100038,0.0100038,0.0,0.01006445,0.0
2,125,20125,0.0100004,0.0100004,0.0100004,0.0,0.01006105,0.0
2,1275,21275,0.010003875,0.010003875,0.010003875,0.0,0.010064525,0.0
2,1300,21300,0.01000395,0.01000395,0.01000395,0.0,0.010064625,0.0
2,1325,21325,0.010004025,0.010004025,0.010004025,0.0,0.010064675,0.0
2,1350,21350,0.0100041,0.0100041,0.0100041,0.0,0.010064775,0.0
2,1375,21375,0.010004175,0.010004175,0.010004175,0.0,0.01006485,0.0
2,1400,21400,0.010004275,0.01000425,0.010004275,0.0,0.010064925,0.0
2,1425,21425,0.010004325,0.010004325,0.010004325,0.01118905,0.010065,0.0101762
2,1450,21450,0.010004425,0.0100044,0.010004425,0.0,0.010065075,0.0
2,1475,21475,0.0100045,0.0100045,0.0100045,0.0,0.01006515,0.0
2,1500,21500,0.010004575,0.010004575,0.010004575,0.0,0.010065225,0.0
2,150,20150,0.010000475,0.010000475,0.010000475,0.0,0.010061125,0.0
2,1525,21525,0.01000465,0.01000465,0.01000465,0.011314,0.0100653,0.010175575
2,1550,21550,0.010004725,0.010004725,0.010004725,0.0,0.010065375,0.0
2,1575,21575,0.0100048,0.0100048,0.0100048,0.0,0.01006545,0.0
2,1600,21600,0.010004875,0.010004875,0.010004875,0.0,0.010065525,0.0
2,1625,21625,0.01000495,0.01000495,0.01000495,0.010174975,0.0100656,0.01017495
2,1650,21650,0.010005025,0.010005025,0.010005025,0.0,0.010065675,0.0
2,1675,21675,0.0100051,0.0100051,0.0100051,0.0108174,0.01006575,0.0
2,1700,21700,0.010005175,0.010005175,0.010005175,0.0,0.010065825,0.0
2,1725,21725,0.01000525,0.01000525,0.01000525,0.01017435,0.0100659,0.010174325
2,1750,21750,0.010005325,0.010005325,0.010005325,0.01081785,0.010065975,0.0
2,175,20175,0.01000055,0.01000055,0.01000055,0.0,0.0100612,0.0
2,1775,21775,0.0100054,0.0100054,0.0100054,0.011066675,0.01006605,0.0
2,1800,21800,0.010005475,0.010005475,0.010005475,0.0,0.010066125,0.0
2,1825,21825,0.01000555,0.01000555,0.01000555,0.01131585,0.0100662,0.0
2,1850,21850,0.010005625,0.010005625,0.010005625,0.010942775,0.010066275,0.0
2,1875,21875,0.0100057,0.0100057,0.0100057,0.01094295,0.01006635,0.0
2,1900,21900,0.010005775,0.010005775,0.010005775,0.0,0.01006645,0.0
2,1925,21925,0.01000585,0.01000585,0.01000585,0.010173125,0.0100665,0.010173125
2,1950,21950,0.010005925,0.010005925,0.010005925,0.010819075,0.010066575,0.0
2,1975,21975,0.010006,0.010006,0.010006,0.0110679,0.01006665,0.0
2,2000,22000,0.010006075,0.010006075,0.010006075,0.0,0.01006675,0.0
2,200,20200,0.010000625,0.010000625,0.010000625,0.0,0.010061275,0.0
2,2025,22025,0.01000615,0.01000615,0.01000615,0.011068425,0.0100668,0.0
2,2050,22050,0.010006225,0.010006225,0.010006225,0.010944,0.010066875,0.0
2,2075,22075,0.0100063,0.0100063,0.0100063,0.010944175,0.010066975,0.0
2,2100,22100,0.0100064,0.010006375,0.0100064,0.0,0.01006705,0.0
2,2125,22125,0.01000645,0.01000645,0.01000645,0.010571675,0.0100671,0.0
2,2150,22150,0.010006525,0.010006525,0.010006525,0.010944625,0.0100672,0.0
2,2175,22175,0.010006625,0.0100066,0.010006625,0.0109448,0.010067275,0.0
2,2200,22200,0.0100067,0.0100067,0.0100067,0.0,0.01006735,0.0
2,2225,22225,0.010006775,0.01000675,0.010006775,0.010171275,0.010067425,0.010171275
2,2250,22250,0.01000685,0.01000685,0.01000685,0.01094525,0.0100675,0.0
2,225,20225,0.0100007,0.0100007,0.0100007,0.0,0.01006135,0.0
2,2275,22275,0.010006925,0.010006925,0.010006925,0.010945425,0.010067575,0.0
2,2300,22300,0.010007,0.010007,0.010007,0.0,0.01006765,0.0
2,2325,22325,0.010007075,0.010007075,0.010007075,0.0105729,0.010067725,0.01107025
2,2350,22350,0.01000715,0.01000715,0.01000715,0.01094585,0.0100678,0.0
2,2375,22375,0.010007225,0.010007225,0.010007225,0.010946025,0.010067875,0.0
2,2400,22400,0.0100073,0.0100073,0.0100073,0.0,0.01006795,0.0
2,2425,22425,0.010007375,0.010007375,0.010007375,0.0105735,0.010068025,0.01012925
2,2450,22450,0.01000745,0.01000745,0.01000745,0.010946475,0.0100681,0.0
2,2475,22475,0.010007525,0.010007525,0.010007525,0.01094665,0.010068175,0.0
2,2500,22500,0.0100076,0.0100076,0.0100076,0.0,0.01006825,0.0
2,250,20250,0.010000775,0.010000775,0.010000775,0.0,0.010061425,0.0
2,2525,22525,0.010007675,0.010007675,0.010007675,0.010574125,0.010068325,0.01012955
2,2550,22550,0.01000775,0.01000775,0.01000775,0.010947075,0.0100684,0.0
2,2575,22575,0.010007825,0.010007825,0.010007825,0.01094725,0.010068475,0.0
2,25,20025,0.0100001,0.0100001,0.0100001,0.0,0.01006075,0.0
2,2600,22600,0.0100079,0.0100079,0.0100079,0.0,0.01006855,0.0
2,2625,22625,0.010007975,0.010007975,0.010007975,0.01012985,0.010068625,0.01012985
2,2650,22650,0.01000805,0.01000805,0.01000805,0.0109477,0.0100687,0.0
2,2675,22675,0.010008125,0.010008125,0.010008125,0.010947875,0.010068775,0.0
2,2700,22700,0.0100082,0.0100082,0.0100082,0.0,0.010068875,0.0
2,2725,22725,0.010008275,0.010008275,0.010008275,0.010130125,0.010068925,0.010130125
2,2750,22750,0.01000835,0.01000835,0.01000835,0.0,0.010069,0.0
2,275,20275,0.01000085,0.01000085,0.01000085,0.0,0.0100615,0.0
2,2775,22775,0.010008425,0.010008425,0.010008425,0.0,0.010069075,0.0
2,2800,22800,0.0100085,0.0100085,0.0100085,0.0,0.010069175,0.0
2,2825,22825,0.010008575,0.010008575,0.010008575,0.010130425,0.010069225,0.010130425
2,2850,22850,0.01000865,0.01000865,0.01000865,0.0,0.010069325,0.0
2,2875,22875,0.010008725,0.010008725,0.010008725,0.0,0.0100694,0.0
2,2900,22900,0.010008825,0.0100088,0.010008825,0.0,0.010069475,0.0
2,2925,22925,0.010008875,0.010008875,0.010008875,0.010130725,0.010069525,0.010130725
2,2950,22950,0.010008975,0.01000895,0.010008975,0.0,0.010069625,0.0
2,2975,22975,0.01000905,0.01000905,0.01000905,0.0,0.0100697,0.0
2,3000,23000,0.010009125,0.010009125,0.010009125,0.0,0.010069775,0.0
2,300,20300,0.010000925,0.010000925,0.010000925,0.0,0.010061575,0.0
2,3025,23025,0.0100092,0.0100092,0.0100092,0.010131,0.01006985,0.010131
2,3050,23050,0.010009275,0.010009275,0.010009275,0.0,0.010069925,0.0
2,3075,23075,0.01000935,0.01000935,0.01000935,0.0,0.01007,0.0
2,3100,23100,0.010009425,0.010009425,0.010009425,0.0,0.010070075,0.0
2,3125,23125,0.0100095,0.0100095,0.0100095,0.0101313,0.01007015,0.0101313
2,3150,23150,0.010009575,0.010009575,0.010009575,0.0,0.010070225,0.0
2,3175,23175,0.01000965,0.01000965,0.01000965,0.010578,0.0100703,0.0
2,3200,23200,0.010009725,0.010009725,0.010009725,0.0,0.010070375,0.0
2,3225,23225,0.0100098,0.0100098,0.0100098,0.0101316,0.01007045,0.0101316
2,3250,23250,0.010009875,0.010009875,0.010009875,0.01057845,0.010070525,0.0
2,325,20325,0.010001,0.010001,0.010001,0.01024685,0.01006165,0.01024685
2,3275,23275,0.01000995,0.01000995,0.01000995,0.0,0.0100706,0.0
2,3300,23300,0.010010025,0.010010025,0.010010025,0.0,0.010070675,0.0
2,3325,23325,0.0100101,0.0100101,0.0100101,0.0101319,0.01007075,0.010131875
2,3350,23350,0.010010175,0.010010175,0.010010175,0.0,0.010070825,0.0
2,3375,23375,0.01001025,0.01001025,0.01001025,0.010579225,0.0100709,0.0
2,3400,23400,0.010010325,0.010010325,0.010010325,0.0,0.010071,0.0
2,3425,23425,0.0100104,0.0100104,0.0100104,0.010132175,0.01007105,0.010132175
2,3450,23450,0.010010475,0.010010475,0.010010475,0.010579675,0.010071125,0.0
2,3475,23475,0.01001055,0.01001055,0.01001055,0.01057985,0.0100712,0.0
2,3500,23500,0.010010625,0.010010625,0.010010625,0.0,0.0100713,0.0
2,350,20350,0.010001075,0.010001075,0.010001075,0.0102468,0.010061725,0.0102468
2,3525,23525,0.0100107,0.0100107,0.0100107,0.010132475,0.01007135,0.010132475
2,3550,23550,0.010010775,0.010010775,0.010010775,0.0105803,0.010071425,0.0
2,3575,23575,0.01001085,0.01001085,0.01001085,0.01058045,0.0100715,0.0
2,3600,23600,0.01001095,0.010010925,0.01001095,0.0,0.0100716,0.0
2,3625,23625,0.010011,0.010011,0.010011,0.010132775,0.01007165,0.010132775
2,3650,23650,0.010011075,0.010011075,0.010011075,0.0105809,0.01007175,0.0
2,3675,23675,0.01001115,0.01001115,0.01001115,0.010581075,0.010071825,0.0
2,3700,23700,0.01001125,0.01001125,0.01001125,0.0,0.0100719,0.0
2,3725,23725,0.0100113,0.0100113,0.0100113,0.010133075,0.010071975,0.010133075
2,3750,23750,0.0100114,0.0100114,0.0100114,0.010581525,0.01007205,0.0
2,375,20375,0.01000115,0.01000115,0.01000115,0.0,0.0100618,0.0
2,3775,23775,0.010011475,0.010011475,0.010011475,0.010706025,0.010072125,0.0
2,3800,23800,0.01001155,0.01001155,0.01001155,0.0,0.0100722,0.0
2,3825,23825,0.010011625,0.010011625,0.010011625,0.01013335,0.010072275,0.01013335
2,3850,23850,0.0100117,0.0100117,0.0100117,0.010706475,0.01007235,0.0
2,3875,23875,0.010011775,0.010011775,0.010011775,0.0105823,0.010072425,0.0
2,3900,23900,0.01001185,0.01001185,0.01001185,0.0,0.0100725,0.0
2,3925,23925,0.010011925,0.010011925,0.010011925,0.01013365,0.010072575,0.01013365
2,3950,23950,0.010012,0.010012,0.010012,0.01058275,0.01007265,0.0
2,3975,23975,0.010012075,0.010012075,0.010012075,0.010582925,0.010072725,0.0
2,4000,24000,0.01001215,0.01001215,0.01001215,0.0,0.0100728,0.0
2,400,20400,0.010001225,0.010001225,0.010001225,0.0,0.0100619,0.0
2,4025,24025,0.010012225,0.010012225,0.010012225,0.01013395,0.010072875,0.01013395
2,4050,24050,0.0100123,0.0100123,0.0100123,0.010583375,0.01007295,0.0
2,4075,24075,0.010012375,0.010012375,0.010012375,0.010707875,0.010073025,0.0
2,4100,24100,0.01001245,0.01001245,0.01001245,0.0,0.0100731,0.0
2,4125,24125,0.010012525,0.010012525,0.010012525,0.01013425,0.010073175,0.01013425
2,4150,24150,0.0100126,0.0100126,0.0100126,0.010708325,0.01007325,0.0
2,4175,24175,0.010012675,0.010012675,0.010012675,0.01058415,0.010073325,0.0
2,4200,24200,0.01001275,0.01001275,0.01001275,0.0,0.010073425,0.0
2,4225,24225,0.010012825,0.010012825,0.010012825,0.01013455,0.010073475,0.01013455
2,4250,24250,0.0100129,0.0100129,0.0100129,0.01070895,0.01007355,0.0
2,425,20425,0.0100013,0.0100013,0.0100013,0.0,0.01006195,0.0
2,4275,24275,0.010012975,0.010012975,0.010012975,0.010584775,0.010073625,0.0
2,4300,24300,0.01001305,0.01001305,0.01001305,0.0,0.010073725,0.0
2,4325,24325,0.010013125,0.010013125,0.010013125,0.01013485,0.010073775,0.01013485
2,4350,24350,0.0100132,0.0100132,0.0100132,0.010585225,0.010073875,0.0
2,4375,24375,0.010013275,0.010013275,0.010013275,0.0105854,0.01007395,0.0
2,4400,24400,0.010013375,0.01001335,0.010013375,0.0,0.010074025,0.0
2,4425,24425,0.010013425,0.010013425,0.010013425,0.01013515,0.010074075,0.010135125
2,4450,24450,0.010013525,0.0100135,0.010013525,0.0,0.010074175,0.0
2,4475,24475,0.0100136,0.010013575,0.0100136,0.0,0.01007425,0.0
2,4500,24500,0.010013675,0.010013675,0.010013675,0.0,0.010074325,0.0
2,450,20450,0.010001375,0.010001375,0.010001375,0.0,0.010062025,0.0
2,4525,24525,0.01001375,0.01001375,0.01001375,0.010135425,0.0100744,0.010135425
2,4550,24550,0.010013825,0.010013825,0.010013825,0.0,0.010074475,0.0
2,4575,24575,0.0100139,0.0100139,0.0100139,0.01083535,0.01007455,0.0
2,4600,24600,0.010013975,0.010013975,0.010013975,0.0,0.010074625,0.0
2,4625,24625,0.01001405,0.01001405,0.01001405,0.010135725,0.0100747,0.010135725
2,4650,24650,0.010014125,0.010014125,0.010014125,0.0,0.010074775,0.0
2,4675,24675,0.0100142,0.0100142,0.0100142,0.0,0.01007485,0.0
2,4700,24700,0.010014275,0.010014275,0.010014275,0.0,0.010074925,0.0
2,4725,24725,0.01001435,0.01001435,0.01001435,0.010136025,0.010075,0.010136025
2,4750,24750,0.010014425,0.010014425,0.010014425,0.0,0.010075075,0.0
2,475,20475,0.01000145,0.01000145,0.01000145,0.0,0.0100621,0.0
2,4775,24775,0.0100145,0.0100145,0.0100145,0.0101362,0.01007515,0.0
2,4800,24800,0.010014575,0.010014575,0.010014575,0.0,0.010075225,0.0
2,4825,24825,0.01001465,0.01001465,0.01001465,0.010136325,0.0100753,0.010136325
2,4850,24850,0.010014725,0.010014725,0.010014725,0.0,0.010075375,0.0
2,4875,24875,0.0100148,0.0100148,0.0100148,0.010136475,0.01007545,0.0
2,4900,24900,0.010014875,0.010014875,0.010014875,0.0,0.01007555,0.0
2,4925,24925,0.01001495,0.01001495,0.01001495,0.010136625,0.0100756,0.010136625
2,4950,24950,0.010015025,0.010015025,0.010015025,0.0,0.010075675,0.0
2,4975,24975,0.0100151,0.0100151,0.0100151,0.010136775,0.01007575,0.0
2,5000,25000,0.010015175,0.010015175,0.010015175,0.0,0.01007585,0.0
2,500,20500,0.010001525,0.010001525,0.010001525,0.0,0.0100622,0.0
2,5025,25025,0.01001525,0.01001525,0.01001525,0.010136925,0.0100759,0.0101369
2,5050,25050,0.010015325,0.010015325,0.010015325,0.010137,0.010075975,0.0
2,5075,25075,0.0100154,0.0100154,0.0100154,0.010137075,0.01007605,0.0
2,50,20050,0.010000175,0.010000175,0.010000175,0.0,0.010060825,0.0
2,5100,25100,0.0100155,0.010015475,0.0100155,0.0,0.01007615,0.0
2,5125,25125,0.01001555,0.01001555,0.01001555,0.010137225,0.0100762,0.0101372
2,5150,25150,0.010015625,0.010015625,0.010015625,0.0101373,0.0100763,0.0
2,5175,25175,0.0100157,0.0100157,0.0100157,0.010137375,0.010076375,0.010197825
2,5200,25200,0.0100158,0.0100158,0.0100158,0.0,0.01007645,0.0
2,5225,25225,0.01001585,0.01001585,0.01001585,0.010137525,0.010076525,0.010137525
2,5250,25250,0.01001595,0.01001595,0.01001595,0.0101376,0.0100766,0.01019805
2,525,20525,0.0100016,0.0100016,0.0100016,0.0102474,0.01006225,0.0
2,5275,25275,0.010016025,0.010016025,0.010016025,0.010137675,0.010076675,0.0101981
2,5300,25300,0.0100161,0.0100161,0.0100161,0.0,0.01007675,0.0
2,5325,25325,0.010016175,0.010016175,0.010016175,0.010137825,0.010076825,0.0101378
2,5350,25350,0.01001625,0.01001625,0.01001625,0.010137875,0.0100769,0.010166
2,5375,25375,0.010016325,0.010016325,0.010016325,0.01013795,0.010076975,0.010165925
2,5400,25400,0.0100164,0.0100164,0.0100164,0.0,0.01007705,0.0
2,5425,25425,0.010016475,0.010016475,0.010016475,0.0101381,0.010077125,0.0101381
2,5450,25450,0.01001655,0.01001655,0.01001655,0.010138175,0.0100772,0.0101657
2,5475,25475,0.010016625,0.010016625,0.010016625,0.01013825,0.010077275,0.010165625
2,5500,25500,0.0100167,0.0100167,0.0100167,0.0,0.01007735,0.0
2,550,20550,0.010001675,0.010001675,0.010001675,0.0,0.01006235,0.0
2,5525,25525,0.010016775,0.010016775,0.010016775,0.0101384,0.010077425,0.0101384
2,5550,25550,0.01001685,0.01001685,0.01001685,0.010138475,0.0100775,0.0101654
2,5575,25575,0.010016925,0.010016925,0.010016925,0.01013855,0.010077575,0.010165325
2,5600,25600,0.010017,0.010017,0.010017,0.0,0.01007765,0.0
2,5625,25625,0.010017075,0.010017075,0.010017075,0.0101387,0.010077725,0.0101387
2,5650,25650,0.01001715,0.01001715,0.01001715,0.010138775,0.0100778,0.0101651
2,5675,25675,0.010017225,0.010017225,0.010017225,0.01013885,0.010077875,0.010165025
2,5700,25700,0.0100173,0.0100173,0.0100173,0.0,0.010077975,0.0
2,5725,25725,0.010017375,0.010017375,0.010017375,0.010139,0.010078025,0.010139
2,5750,25750,0.01001745,0.01001745,0.01001745,0.010139075,0.0100781,0.010199525
2,575,20575,0.01000175,0.01000175,0.01000175,0.0,0.010062425,0.0
2,5775,25775,0.010017525,0.010017525,0.010017525,0.01013915,0.010078175,0.010139175
2,5800,25800,0.0100176,0.0100176,0.0100176,0.0,0.010078275,0.0
2,5825,25825,0.010017675,0.010017675,0.010017675,0.0101393,0.010078325,0.0101393
2,5850,25850,0.01001775,0.01001775,0.01001775,0.010139375,0.010078425,0.010199825
2,5875,25875,0.010017825,0.010017825,0.010017825,0.01013945,0.0100785,0.010139475
2,5900,25900,0.010017925,0.0100179,0.010017925,0.010285525,0.010078575,0.010285525
2,5925,25925,0.010017975,0.010017975,0.010017975,0.0101396,0.010078625,0.0101396
2,5950,25950,0.010018075,0.01001805,0.010018075,0.010139675,0.010078725,0.010200125
2,5975,25975,0.01001815,0.010018125,0.01001815,0.01013975,0.0100788,0.010139775
2,6000,26000,0.010018225,0.010018225,0.010018225,0.0,0.010078875,0.0
2,600,20600,0.01000185,0.010001825,0.01000185,0.0,0.0100625,0.0
2,6025,26025,0.0100183,0.0100183,0.0100183,0.0101399,0.01007895,0.0101399
2,6050,26050,0.010018375,0.010018375,0.010018375,0.010139975,0.010079025,0.010200425
2,6075,26075,0.01001845,0.01001845,0.01001845,0.01014005,0.0100791,0.0102005
2,6100,26100,0.010018525,0.010018525,0.010018525,0.0,0.010079175,0.0
2,6125,26125,0.0100186,0.0100186,0.0100186,0.0101402,0.01007925,0.0101402
2,6150,26150,0.010018675,0.010018675,0.010018675,0.010140275,0.010079325,0.010200725
2,6175,26175,0.01001875,0.01001875,0.01001875,0.01014035,0.0100794,0.0102008
2,6200,26200,0.010018825,0.010018825,0.010018825,0.0,0.010079475,0.0
2,6225,26225,0.0100189,0.0100189,0.0100189,0.0101405,0.01007955,0.0101405
2,6250,26250,0.010018975,0.010018975,0.010018975,0.010140575,0.010079625,0.010201025
2,625,20625,0.0100019,0.0100019,0.0100019,0.0,0.01006255,0.0
2,6275,26275,0.01001905,0.01001905,0.01001905,0.01014065,0.0100797,0.0102011
2,6300,26300,0.010019125,0.010019125,0.010019125,0.0,0.010079775,0.0
2,6325,26325,0.0100192,0.0100192,0.0100192,0.0101408,0.01007985,0.0101408
2,6350,26350,0.010019275,0.010019275,0.010019275,0.010140875,0.010079925,0.010201325
2,6375,26375,0.01001935,0.01001935,0.01001935,0.01014095,0.01008,0.0102014
2,6400,26400,0.010019425,0.010019425,0.010019425,0.0,0.0100801,0.0
2,6425,26425,0.0100195,0.0100195,0.0100195,0.0101411,0.01008015,0.0101411
2,6450,26450,0.010019575,0.010019575,0.010019575,0.010141175,0.010080225,0.010201625
2,6475,26475,0.01001965,0.01001965,0.01001965,0.01014125,0.0100803,0.0102017
2,6500,26500,0.010019725,0.010019725,0.010019725,0.0,0.0100804,0.0
2,650,20650,0.010001975,0.010001975,0.010001975,0.0,0.01006265,0.0
2,6525,26525,0.0100198,0.0100198,0.0100198,0.0101414,0.01008045,0.0101414
2,6550,26550,0.010019875,0.010019875,0.010019875,0.010141475,0.010080525,0.010201925
2,6575,26575,0.01001995,0.01001995,0.01001995,0.01014155,0.0100806,0.010202
2,6600,26600,0.010020025,0.010020025,0.010020025,0.0,0.0100807,0.0
2,6625,26625,0.0100201,0.0100201,0.0100201,0.0101417,0.01008075,0.0101417
2,6650,26650,0.010020175,0.010020175,0.010020175,0.010141775,0.01008085,0.010202225
2,6675,26675,0.01002025,0.01002025,0.01002025,0.01014185,0.010080925,0.01014185
2,6700,26700,0.01002035,0.010020325,0.01002035,0.0,0.010081,0.0
2,6725,26725,0.0100204,0.0100204,0.0100204,0.010142,0.010081075,0.010141975
2,6750,26750,0.0100205,0.0100205,0.0100205,0.010142075,0.01008115,0.010202525
2,675,20675,0.010002075,0.01000205,0.010002075,0.0,0.010062725,0.0
2,6775,26775,0.010020575,0.010020575,0.010020575,0.010142125,0.010081225,0.01014215
2,6800,26800,0.01002065,0.01002065,0.01002065,0.0,0.0100813,0.0
2,6825,26825,0.010020725,0.010020725,0.010020725,0.0101423,0.010081375,0.010142275
2,6850,26850,0.0100208,0.0100208,0.0100208,0.01014235,0.01008145,0.010202825
2,6875,26875,0.010020875,0.010020875,0.010020875,0.0102029,0.010081525,0.0102029
2,6900,26900,0.01002095,0.01002095,0.01002095,0.0,0.0100816,0.0
2,6925,26925,0.010021025,0.010021025,0.010021025,0.010203075,0.010081675,0.0102031
2,6950,26950,0.0100211,0.0100211,0.0100211,0.010203125,0.01008175,0.01020315
2,6975,26975,0.010021175,0.010021175,0.010021175,0.0102032,0.010081825,0.010203225
2,7000,27000,0.01002125,0.01002125,0.01002125,0.0,0.0100819,0.0102033
2,700,20700,0.01000215,0.01000215,0.01000215,0.0,0.0100628,0.0
2,7025,27025,0.010021325,0.010021325,0.010021325,0.010203375,0.010081975,0.0102034
2,7050,27050,0.0100214,0.0100214,0.0100214,0.010203425,0.01008205,0.01020345
2,7075,27075,0.010021475,0.010021475,0.010021475,0.010203525,0.010082125,0.01020355
2,7100,27100,0.01002155,0.01002155,0.01002155,0.0,0.0100822,0.0
2,7125,27125,0.010021625,0.010021625,0.010021625,0.0102037,0.010082275,0.0102037
2,7150,27150,0.0100217,0.0100217,0.0100217,0.01020375,0.01008235,0.010203775
2,7175,27175,0.010021775,0.010021775,0.010021775,0.010203825,0.010082425,0.01020385
2,7200,27200,0.01002185,0.01002185,0.01002185,0.0,0.010082525,0.0
2,7225,27225,0.010021925,0.010021925,0.010021925,0.010204,0.010082575,0.010204125
2,7250,27250,0.010022,0.010022,0.010022,0.010204025,0.01008265,0.010204075
2,725,20725,0.010002225,0.0100022,0.010002225,0.0102445,0.010062875,0.0102445
2,7275,27275,0.010022075,0.010022075,0.010022075,0.010204125,0.010082725,0.01020415
2,7300,27300,0.01002215,0.01002215,0.01002215,0.0,0.010082825,0.010204225
2,7325,27325,0.010022225,0.010022225,0.010022225,0.010170125,0.010082875,0.010170125
2,7350,27350,0.0100223,0.0100223,0.0100223,0.01020435,0.010082975,0.010204375
2,7375,27375,0.010022375,0.010022375,0.010022375,0.010204425,0.01008305,0.01020445
2,7400,27400,0.010022475,0.01002245,0.010022475,0.0,0.010083125,0.010204525
2,7425,27425,0.010022525,0.010022525,0.010022525,0.01017075,0.010083175,0.01017075
2,7450,27450,0.0100226,0.0100226,0.0100226,0.01020465,0.010083275,0.0103269
2,7475,27475,0.0100227,0.010022675,0.0100227,0.010204725,0.01008335,0.01032675
2,7500,27500,0.010022775,0.010022775,0.010022775,0.0,0.010083425,0.0
2,750,20750,0.0100023,0.0100023,0.0100023,0.0,0.01006295,0.0
2,7525,27525,0.01002285,0.010022825,0.01002285,0.0103265,0.0100835,0.0103265
2,7550,27550,0.010022925,0.010022925,0.010022925,0.0,0.010083575,0.0
2,7575,27575,0.010023,0.010023,0.010023,0.010326125,0.01008365,0.010326125
2,75,20075,0.01000025,0.01000025,0.01000025,0.0,0.0100609,0.0
2,7600,27600,0.010023075,0.010023075,0.010023075,0.0,0.010083725,0.0
2,7625,27625,0.01002315,0.01002315,0.01002315,0.0103259,0.0100838,0.0103259
2,7650,27650,0.010023225,0.010023225,0.010023225,0.010325675,0.010083875,0.010325675
2,7675,27675,0.0100233,0.0100233,0.0100233,0.010325525,0.01008395,0.010325525
2,7700,27700,0.010023375,0.010023375,0.010023375,0.0,0.010084025,0.0
2,7725,27725,0.01002345,0.01002345,0.01002345,0.010325275,0.0100841,0.0102056
2,7750,27750,0.010023525,0.010023525,0.010023525,0.01032505,0.010084175,0.01032505
2,775,20775,0.010002375,0.010002375,0.010002375,0.0,0.010063025,0.0
2,7775,27775,0.0100236,0.0100236,0.0100236,0.0103249,0.01008425,0.0103249
2,7800,27800,0.010023675,0.010023675,0.010023675,0.0,0.010084325,0.0
2,7825,27825,0.01002375,0.01002375,0.01002375,0.010269525,0.0100844,0.010269525
2,7850,27850,0.010023825,0.010023825,0.010023825,0.01032445,0.010084475,0.01032445
2,7875,27875,0.0100239,0.0100239,0.0100239,0.0103243,0.01008455,0.0103243
2,7900,27900,0.010023975,0.010023975,0.010023975,0.0,0.01008465,0.0
2,7925,27925,0.01002405,0.01002405,0.01002405,0.01026985,0.0100847,0.01026985
2,7950,27950,0.010024125,0.010024125,0.010024125,0.010323825,0.010084775,0.010323825
2,7975,27975,0.0100242,0.0100242,0.0100242,0.010323675,0.01008485,0.010323675
2,8000,28000,0.010024275,0.010024275,0.010024275,0.0,0.01008495,0.0
2,800,20800,0.01000245,0.01000245,0.01000245,0.0,0.0100631,0.0
2,8025,28025,0.01002435,0.01002435,0.01002435,0.010174475,0.010085,0.010174475
2,8050,28050,0.010024425,0.010024425,0.010024425,0.010323225,0.010085075,0.010323225
2,8075,28075,0.0100245,0.0100245,0.0100245,0.010323075,0.01008515,0.010323075
2,8100,28100,0.010024575,0.010024575,0.010024575,0.010322825,0.01008525,0.010322825
2,8125,28125,0.01002465,0.01002465,0.01002465,0.0101751,0.0100853,0.0101751
2,8150,28150,0.010024725,0.010024725,0.010024725,0.0102211,0.0100854,0.0102211
2,8175,28175,0.0100248,0.0100248,0.0100248,0.010221025,0.010085475,0.010221025
2,8200,28200,0.0100249,0.010024875,0.0100249,0.0,0.01008555,0.0
2,8225,28225,0.01002495,0.01002495,0.01002495,0.0102209,0.010085625,0.0102209
2,8250,28250,0.01002505,0.010025025,0.01002505,0.0102208,0.0100857,0.0102208
2,825,20825,0.010002525,0.010002525,0.010002525,0.0,0.010063175,0.0
2,8275,28275,0.010025125,0.010025125,0.010025125,0.010220725,0.010085775,0.010220725
2,8300,28300,0.0100252,0.0100252,0.0100252,0.0103216,0.01008585,0.0103216
2,8325,28325,0.010025275,0.010025275,0.010025275,0.010220575,0.010085925,0.010220575
2,8350,28350,0.01002535,0.01002535,0.01002535,0.010321375,0.010086,0.010321375
2,8375,28375,0.010025425,0.010025425,0.010025425,0.0102712,0.010086075,0.0102712
2,8400,28400,0.0100255,0.0100255,0.0100255,0.0,0.01008615,0.0
2,8425,28425,0.010025575,0.010025575,0.010025575,0.0102203,0.010086225,0.0102203
2,8450,28450,0.01002565,0.01002565,0.01002565,0.010271425,0.0100863,0.010271425
2,8475,28475,0.010025725,0.010025725,0.010025725,0.0102715,0.010086375,0.0102715
2,8500,28500,0.0100258,0.0100258,0.0100258,0.0,0.01008645,0.0
2,850,20850,0.0100026,0.0100026,0.0100026,0.0,0.01006325,0.0
2,8525,28525,0.010025875,0.010025875,0.010025875,0.01027165,0.010086525,0.010095475
2,8550,28550,0.01002595,0.01002595,0.01002595,0.010271725,0.0100866,0.010271725
2,8575,28575,0.010026025,0.010026025,0.010026025,0.0102718,0.010086675,0.0102718
2,8600,28600,0.0100261,0.0100261,0.0100261,0.0,0.01008675,0.0
2,8625,28625,0.010026175,0.010026175,0.010026175,0.01027195,0.010086825,0.01027195
2,875,20875,0.010002675,0.010002675,0.010002675,0.0,0.010063325,0.0
2,900,20900,0.01000275,0.01000275,0.01000275,0.0,0.0100634,0.0
2,925,20925,0.010002825,0.010002825,0.010002825,0.01017935,0.010063475,0.01017935
2,950,20950,0.0100029,0.0100029,0.0100029,0.0,0.01006355,0.0
2,975,20975,0.010002975,0.010002975,0.010002975,0.0,0.010063625,0.0
2,11000,9000,0.01003335,0.01003335,0.01003335,0.0100273,0.0100273,0.0100273
2,10100,9900,0.010030625,0.010030625,0.010030625,0.01003005,0.01003005,0.01003005
2,11025,8975,0.01003345,0.01003345,0.01003345,0.01002725,0.010027225,0.01002725
2,11050,8950,0.010033525,0.010033525,0.010033525,0.01002715,0.01002715,0.01002715
2,11075,8925,0.0100336,0.0100336,0.0100336,0.0100271,0.010027075,0.0100271
2,11100,8900,0.010033675,0.01003365,0.010033675,0.010027,0.010027,0.010027
2,11125,8875,0.01003375,0.01003375,0.01003375,0.010026925,0.010026925,0.010026925
2,11150,8850,0.010033825,0.010033825,0.010033825,0.01002685,0.01002685,0.01002685
2,11175,8825,0.010033925,0.0100339,0.010033925,0.010026775,0.010026775,0.010026775
2,11200,8800,0.010033975,0.01003395,0.010033975,0.0100267,0.0100267,0.0100267
2,11225,8775,0.01003405,0.01003405,0.01003405,0.010026625,0.010026625,0.010026625
2,11250,8750,0.010034125,0.010034125,0.010034125,0.01002655,0.01002655,0.01002655
2,10125,9875,0.010030725,0.0100307,0.010030725,0.010029975,0.010029975,0.010029975
2,11275,8725,0.010034225,0.0100342,0.010034225,0.010026475,0.010026475,0.010026475
2,11300,8700,0.010034275,0.010034275,0.010034275,0.0100264,0.0100264,0.0100264
2,11325,8675,0.01003435,0.01003435,0.01003435,0.010026325,0.010026325,0.010026325
2,11350,8650,0.010034425,0.010034425,0.010034425,0.01002625,0.01002625,0.01002625
2,11375,8625,0.010034525,0.0100345,0.010034525,0.010026175,0.010026175,0.010026175
2,11400,8600,0.010034575,0.010034575,0.010034575,0.0100261,0.0100261,0.0100261
2,11425,8575,0.01003465,0.01003465,0.01003465,0.010026025,0.010026025,0.010026025
2,11450,8550,0.010034725,0.010034725,0.010034725,0.01002595,0.01002595,0.01002595
2,11475,8525,0.010034825,0.010034825,0.010034825,0.010025875,0.010025875,0.010025875
2,11500,8500,0.010034875,0.010034875,0.010034875,0.0100258,0.0100258,0.0100258
2,10150,9850,0.0100308,0.010030775,0.0100308,0.0100299,0.0100299,0.0100299
2,11525,8475,0.010034975,0.01003495,0.010034975,0.010025725,0.010025725,0.010025725
2,11550,8450,0.01003505,0.010035025,0.01003505,0.01002565,0.01002565,0.01002565
2,11575,8425,0.010035125,0.010035125,0.010035125,0.010025575,0.010025575,0.010025575
2,11600,8400,0.010035175,0.010035175,0.010035175,0.0100255,0.0100255,0.0100255
2,11625,8375,0.010035275,0.01003525,0.010035275,0.010025425,0.010025425,0.010025425
2,11650,8350,0.01003535,0.010035325,0.01003535,0.01002535,0.01002535,0.01002535
2,11675,8325,0.010035425,0.010035425,0.010035425,0.010025275,0.010025275,0.010025275
2,11700,8300,0.010035475,0.010035475,0.010035475,0.0100252,0.0100252,0.0100252
2,11725,8275,0.010035575,0.01003555,0.010035575,0.010025125,0.010025125,0.010025125
2,11750,8250,0.01003565,0.010035625,0.01003565,0.01002505,0.010025025,0.01002505
2,10175,9825,0.010030875,0.010030875,0.010030875,0.010029825,0.010029825,0.010029825
2,11775,8225,0.010035725,0.010035725,0.010035725,0.010024975,0.010024975,0.010024975
2,11800,8200,0.010035775,0.010035775,0.010035775,0.010024875,0.010024875,0.010024875
2,11825,8175,0.010035875,0.010035875,0.010035875,0.0100248,0.0100248,0.0100248
2,11850,8150,0.01003595,0.01003595,0.01003595,0.010024725,0.010024725,0.010024725
2,11875,8125,0.010036025,0.010036025,0.010036025,0.010024675,0.01002465,0.010024675
2,11900,8100,0.0100361,0.010036075,0.0100361,0.010024575,0.010024575,0.010024575
2,11925,8075,0.010036175,0.010036175,0.010036175,0.0100245,0.0100245,0.0100245
2,11950,8050,0.01003625,0.01003625,0.01003625,0.010024425,0.010024425,0.010024425
2,11975,8025,0.01003635,0.010036325,0.01003635,0.01002435,0.01002435,0.01002435
2,12000,8000,0.0100364,0.010036375,0.0100364,0.010024275,0.010024275,0.010024275
2,10200,9800,0.010030925,0.010030925,0.010030925,0.01002975,0.01002975,0.01002975
2,12025,7975,0.010036475,0.010036475,0.010036475,0.0100242,0.0100242,0.0100242
2,12050,7950,0.01003655,0.01003655,0.01003655,0.010024125,0.010024125,0.010024125
2,12075,7925,0.01003665,0.010036625,0.01003665,0.01002405,0.01002405,0.01002405
2,12100,7900,0.0100367,0.0100367,0.0100367,0.010023975,0.010023975,0.010023975
2,12125,7875,0.010036775,0.010036775,0.010036775,0.0100239,0.0100239,0.0100239
2,12150,7850,0.01003685,0.01003685,0.01003685,0.010023825,0.010023825,0.010023825
2,12175,7825,0.01003695,0.010036925,0.01003695,0.01002375,0.01002375,0.01002375
2,12200,7800,0.010037,0.010037,0.010037,0.010023675,0.010023675,0.010023675
2,12225,7775,0.0100371,0.010037075,0.0100371,0.0100236,0.0100236,0.0100236
2,12250,7750,0.010037175,0.01003715,0.010037175,0.010023525,0.010023525,0.010023525
2,10225,9775,0.010031025,0.010031,0.010031025,0.010029675,0.010029675,0.010029675
2,12275,7725,0.01003725,0.01003725,0.01003725,0.01002345,0.01002345,0.01002345
2,12300,7700,0.0100373,0.0100373,0.0100373,0.010023375,0.010023375,0.010023375
2,12325,7675,0.0100374,0.010037375,0.0100374,0.0100233,0.0100233,0.0100233
2,12350,7650,0.010037475,0.01003745,0.010037475,0.010023225,0.010023225,0.010023225
2,12375,7625,0.01003755,0.01003755,0.01003755,0.01002315,0.01002315,0.01002315
2,12400,7600,0.0100376,0.0100376,0.0100376,0.010023075,0.010023075,0.010023075
2,12425,7575,0.0100377,0.010037675,0.0100377,0.010023,0.010023,0.010023
2,12450,7550,0.010037775,0.01003775,0.010037775,0.010022925,0.010022925,0.010022925
2,12475,7525,0.01003785,0.01003785,0.01003785,0.01002285,0.01002285,0.01002285
2,12500,7500,0.0100379,0.0100379,0.0100379,0.01002275,0.01002275,0.01002275
2,10250,9750,0.0100311,0.010031075,0.0100311,0.0100296,0.010029575,0.0100296
2,12525,7475,0.010038,0.010038,0.010038,0.0100227,0.010022675,0.0100227
2,12550,7450,0.010038075,0.010038075,0.010038075,0.0100226,0.0100226,0.0100226
2,12575,7425,0.01003815,0.01003815,0.01003815,0.01002255,0.010022525,0.01002255
2,10025,9975,0.010030425,0.0100304,0.010030425,0.010030275,0.010030275,0.010030275
2,12600,7400,0.010038225,0.0100382,0.010038225,0.01002245,0.01002245,0.01002245
2,12625,7375,0.0100383,0.0100383,0.0100383,0.010022375,0.010022375,0.010022375
2,12650,7350,0.010038375,0.010038375,0.010038375,0.0100223,0.0100223,0.0100223
2,12675,7325,0.010038475,0.01003845,0.010038475,0.010022225,0.010022225,0.010022225
2,12700,7300,0.010038525,0.0100385,0.010038525,0.01002215,0.01002215,0.01002215
2,12725,7275,0.0100386,0.0100386,0.0100386,0.010022075,0.010022075,0.010022075
2,12750,7250,0.010038675,0.010038675,0.010038675,0.010022,0.010022,0.010022
2,10275,9725,0.010031175,0.010031175,0.010031175,0.010029525,0.0100295,0.010029525
2,12775,7225,0.010038775,0.01003875,0.010038775,0.010021925,0.010021925,0.010021925
2,12800,7200,0.010038825,0.010038825,0.010038825,0.01002185,0.01002185,0.01002185
2,12825,7175,0.0100389,0.0100389,0.0100389,0.010021775,0.010021775,0.010021775
2,12850,7150,0.010038975,0.010038975,0.010038975,0.0100217,0.0100217,0.0100217
2,12875,7125,0.010039075,0.01003905,0.010039075,0.010021625,0.010021625,0.010021625
2,12900,7100,0.010039125,0.010039125,0.010039125,0.01002155,0.01002155,0.01002155
2,12925,7075,0.0100392,0.0100392,0.0100392,0.010021475,0.010021475,0.010021475
2,12950,7050,0.010039275,0.010039275,0.010039275,0.0100214,0.0100214,0.0100214
2,12975,7025,0.010039375,0.010039375,0.010039375,0.010021325,0.010021325,0.010021325
2,13000,7000,0.010039425,0.010039425,0.010039425,0.01002125,0.01002125,0.01002125
2,10300,9700,0.01003125,0.010031225,0.01003125,0.010029425,0.010029425,0.010029425
2,13025,6975,0.010039525,0.0100395,0.010039525,0.010021175,0.010021175,0.010021175
2,13050,6950,0.0100396,0.010039575,0.0100396,0.0100211,0.0100211,0.0100211
2,13075,6925,0.010039675,0.010039675,0.010039675,0.010021025,0.010021025,0.010021025
2,13100,6900,0.010039725,0.010039725,0.010039725,0.01002095,0.01002095,0.01002095
2,13125,6875,0.010039825,0.0100398,0.010039825,0.010020875,0.010020875,0.010020875
2,13150,6850,0.0100399,0.010039875,0.0100399,0.0100208,0.0100208,0.0100208
2,13175,6825,0.010039975,0.010039975,0.010039975,0.010020725,0.010020725,0.010020725
2,13200,6800,0.010040025,0.010040025,0.010040025,0.01002065,0.01002065,0.01002065
2,13225,6775,0.010040125,0.0100401,0.010040125,0.010020575,0.010020575,0.010020575
2,13250,6750,0.0100402,0.010040175,0.0100402,0.0100205,0.010020475,0.0100205
2,10325,9675,0.010031325,0.010031325,0.010031325,0.01002935,0.01002935,0.01002935
2,13275,6725,0.010040275,0.010040275,0.010040275,0.010020425,0.010020425,0.010020425
2,13300,6700,0.010040325,0.010040325,0.010040325,0.010020325,0.010020325,0.010020325
2,13325,6675,0.010040425,0.010040425,0.010040425,0.01002025,0.01002025,0.01002025
2,13350,6650,0.0100405,0.0100405,0.0100405,0.010020175,0.010020175,0.010020175
2,13375,6625,0.010040575,0.010040575,0.010040575,0.010020125,0.0100201,0.010020125
2,13400,6600,0.01004065,0.010040625,0.01004065,0.010020025,0.010020025,0.010020025
2,13425,6575,0.010040725,0.010040725,0.010040725,0.01001995,0.01001995,0.01001995
2,13450,6550,0.0100408,0.0100408,0.0100408,0.010019875,0.010019875,0.010019875
2,13475,6525,0.0100409,0.010040875,0.0100409,0.0100198,0.0100198,0.0100198
2,13500,6500,0.01004095,0.010040925,0.01004095,0.010019725,0.010019725,0.010019725
2,10350,9650,0.0100314,0.0100314,0.0100314,0.010029275,0.010029275,0.010029275
2,13525,6475,0.010041025,0.010041025,0.010041025,0.01001965,0.01001965,0.01001965
2,13550,6450,0.0100411,0.0100411,0.0100411,0.010019575,0.010019575,0.010019575
2,13575,6425,0.0100412,0.010041175,0.0100412,0.0100195,0.0100195,0.0100195
2,13600,6400,0.01004125,0.01004125,0.01004125,0.010019425,0.010019425,0.010019425
2,13625,6375,0.010041325,0.010041325,0.010041325,0.01001935,0.01001935,0.01001935
2,13650,6350,0.0100414,0.0100414,0.0100414,0.010019275,0.010019275,0.010019275
2,13675,6325,0.0100415,0.010041475,0.0100415,0.0100192,0.0100192,0.0100192
2,13700,6300,0.01004155,0.01004155,0.01004155,0.010019125,0.010019125,0.010019125
2,13725,6275,0.01004165,0.010041625,0.01004165,0.01001905,0.01001905,0.01001905
2,13750,6250,0.010041725,0.0100417,0.010041725,0.010018975,0.010018975,0.010018975
2,10375,9625,0.010031475,0.010031475,0.010031475,0.0100292,0.0100292,0.0100292
2,13775,6225,0.0100418,0.0100418,0.0100418,0.0100189,0.0100189,0.0100189
2,13800,6200,0.01004185,0.01004185,0.01004185,0.010018825,0.010018825,0.010018825
2,13825,6175,0.01004195,0.010041925,0.01004195,0.01001875,0.01001875,0.01001875
2,13850,6150,0.010042025,0.010042,0.010042025,0.010018675,0.010018675,0.010018675
2,13875,6125,0.0100421,0.0100421,0.0100421,0.0100186,0.0100186,0.0100186
2,13900,6100,0.01004215,0.01004215,0.01004215,0.010018525,0.010018525,0.010018525
2,13925,6075,0.01004225,0.010042225,0.01004225,0.01001845,0.01001845,0.01001845
2,13950,6050,0.010042325,0.0100423,0.010042325,0.010018375,0.010018375,0.010018375
2,13975,6025,0.0100424,0.0100424,0.0100424,0.0100183,0.0100183,0.0100183
2,14000,6000,0.01004245,0.01004245,0.01004245,0.010018225,0.0100182,0.010018225
2,10400,9600,0.01003155,0.010031525,0.01003155,0.010029125,0.010029125,0.010029125
2,14025,5975,0.01004255,0.010042525,0.01004255,0.01001815,0.010018125,0.01001815
2,14050,5950,0.010042625,0.0100426,0.010042625,0.010018075,0.01001805,0.010018075
2,14075,5925,0.0100427,0.0100427,0.0100427,0.010018,0.010017975,0.010018
2,14100,5900,0.010042775,0.01004275,0.010042775,0.0100179,0.0100179,0.0100179
2,14125,5875,0.01004285,0.01004285,0.01004285,0.010017825,0.010017825,0.010017825
2,14150,5850,0.010042925,0.010042925,0.010042925,0.01001775,0.01001775,0.01001775
2,14175,5825,0.010043,0.010043,0.010043,0.010017675,0.010017675,0.010017675
2,14200,5800,0.010043075,0.01004305,0.010043075,0.0100176,0.0100176,0.0100176
2,14225,5775,0.01004315,0.01004315,0.01004315,0.010017525,0.010017525,0.010017525
2,14250,5750,0.010043225,0.010043225,0.010043225,0.01001745,0.01001745,0.01001745
2,10425,9575,0.010031625,0.010031625,0.010031625,0.01002905,0.01002905,0.01002905
2,14275,5725,0.010043325,0.0100433,0.010043325,0.010017375,0.010017375,0.010017375
2,14300,5700,0.010043375,0.01004335,0.010043375,0.0100173,0.0100173,0.0100173
2,14325,5675,0.01004345,0.01004345,0.01004345,0.010017225,0.010017225,0.010017225
2,14350,5650,0.010043525,0.010043525,0.010043525,0.01001715,0.01001715,0.01001715
2,14375,5625,0.010043625,0.0100436,0.010043625,0.010017075,0.010017075,0.010017075
2,14400,5600,0.010043675,0.010043675,0.010043675,0.010017,0.010017,0.010017
2,14425,5575,0.01004375,0.01004375,0.01004375,0.010016925,0.010016925,0.010016925
2,14450,5550,0.010043825,0.010043825,0.010043825,0.01001685,0.01001685,0.01001685
2,14475,5525,0.010043925,0.010043925,0.010043925,0.010016775,0.010016775,0.010016775
2,14500,5500,0.010043975,0.010043975,0.010043975,0.0100167,0.0100167,0.0100167
2,10450,9550,0.0100317,0.0100317,0.0100317,0.010028975,0.010028975,0.010028975
2,14525,5475,0.010044075,0.01004405,0.010044075,0.010016625,0.010016625,0.010016625
2,14550,5450,0.01004415,0.010044125,0.01004415,0.01001655,0.01001655,0.01001655
2,14575,5425,0.010044225,0.010044225,0.010044225,0.010016475,0.010016475,0.010016475
2,14600,5400,0.010044275,0.010044275,0.010044275,0.0100164,0.0100164,0.0100164
2,14625,5375,0.010044375,0.01004435,0.010044375,0.010016325,0.010016325,0.010016325
2,14650,5350,0.01004445,0.010044425,0.01004445,0.01001625,0.01001625,0.01001625
2,14675,5325,0.010044525,0.010044525,0.010044525,0.010016175,0.010016175,0.010016175
2,14700,5300,0.010044575,0.010044575,0.010044575,0.0100161,0.0100161,0.0100161
2,14725,5275,0.010044675,0.01004465,0.010044675,0.010016025,0.010016025,0.010016025
2,14750,5250,0.01004475,0.010044725,0.01004475,0.01001595,0.01001595,0.01001595
2,10475,9525,0.0100318,0.010031775,0.0100318,0.0100289,0.0100289,0.0100289
2,14775,5225,0.010044825,0.010044825,0.010044825,0.010015875,0.010015875,0.010015875
2,14800,5200,0.010044875,0.010044875,0.010044875,0.010015775,0.010015775,0.010015775
2,14825,5175,0.010044975,0.010044975,0.010044975,0.0100157,0.0100157,0.0100157
2,14850,5150,0.01004505,0.01004505,0.01004505,0.010015625,0.010015625,0.010015625
2,14875,5125,0.010045125,0.010045125,0.010045125,0.010015575,0.01001555,0.010015575
2,14900,5100,0.0100452,0.010045175,0.0100452,0.010015475,0.010015475,0.010015475
2,14925,5075,0.010045275,0.010045275,0.010045275,0.0100154,0.0100154,0.0100154
2,14950,5050,0.01004535,0.01004535,0.01004535,0.010015325,0.010015325,0.010015325
2,14975,5025,0.01004545,0.010045425,0.01004545,0.01001525,0.01001525,0.01001525
2,15000,5000,0.0100455,0.010045475,0.0100455,0.010015175,0.010015175,0.010015175
2,10500,9500,0.01003185,0.010031825,0.01003185,0.010028825,0.010028825,0.010028825
2,15025,4975,0.010045575,0.010045575,0.010045575,0.0100151,0.0100151,0.0100151
2,15050,4950,0.01004565,0.01004565,0.01004565,0.010015025,0.010015025,0.010015025
2,15075,4925,0.01004575,0.010045725,0.01004575,0.01001495,0.01001495,0.01001495
2,10050,9950,0.0100305,0.010030475,0.0100305,0.0100302,0.0100302,0.0100302
2,15100,4900,0.0100458,0.0100458,0.0100458,0.010014875,0.010014875,0.010014875
2,15125,4875,0.010045875,0.010045875,0.010045875,0.0100148,0.0100148,0.0100148
2,15150,4850,0.01004595,0.01004595,0.01004595,0.010014725,0.010014725,0.010014725
2,15175,4825,0.01004605,0.010046025,0.01004605,0.01001465,0.01001465,0.01001465
2,15200,4800,0.0100461,0.0100461,0.0100461,0.010014575,0.010014575,0.010014575
2,15225,4775,0.0100462,0.010046175,0.0100462,0.0100145,0.0100145,0.0100145
2,15250,4750,0.010046275,0.01004625,0.010046275,0.010014425,0.010014425,0.010014425
2,10525,9475,0.010031925,0.010031925,0.010031925,0.01002875,0.01002875,0.01002875
2,15275,4725,0.01004635,0.01004635,0.01004635,0.01001435,0.01001435,0.01001435
2,15300,4700,0.0100464,0.0100464,0.0100464,0.010014275,0.010014275,0.010014275
2,15325,4675,0.0100465,0.010046475,0.0100465,0.0100142,0.0100142,0.0100142
2,15350,4650,0.010046575,0.01004655,0.010046575,0.010014125,0.010014125,0.010014125
2,15375,4625,0.01004665,0.01004665,0.01004665,0.01001405,0.01001405,0.01001405
2,15400,4600,0.0100467,0.0100467,0.0100467,0.010013975,0.010013975,0.010013975
2,15425,4575,0.0100468,0.010046775,0.0100468,0.0100139,0.0100139,0.0100139
2,15450,4550,0.010046875,0.01004685,0.010046875,0.010013825,0.010013825,0.010013825
2,15475,4525,0.01004695,0.01004695,0.01004695,0.01001375,0.01001375,0.01001375
2,15500,4500,0.010047,0.010047,0.010047,0.010013675,0.01001365,0.010013675
2,10550,9450,0.010032,0.010032,0.010032,0.010028675,0.010028675,0.010028675
2,15525,4475,0.0100471,0.010047075,0.0100471,0.0100136,0.010013575,0.0100136
2,15550,4450,0.010047175,0.01004715,0.010047175,0.010013525,0.0100135,0.010013525
2,15575,4425,0.01004725,0.01004725,0.01004725,0.01001345,0.010013425,0.01001345
2,15600,4400,0.010047325,0.0100473,0.010047325,0.01001335,0.01001335,0.01001335
2,15625,4375,0.0100474,0.0100474,0.0100474,0.010013275,0.010013275,0.010013275
2,15650,4350,0.010047475,0.010047475,0.010047475,0.0100132,0.0100132,0.0100132
2,15675,4325,0.01004755,0.01004755,0.01004755,0.010013125,0.010013125,0.010013125
2,15700,4300,0.010047625,0.0100476,0.010047625,0.01001305,0.01001305,0.01001305
2,15725,4275,0.0100477,0.0100477,0.0100477,0.010012975,0.010012975,0.010012975
2,15750,4250,0.010047775,0.010047775,0.010047775,0.0100129,0.0100129,0.0100129
2,10575,9425,0.0100321,0.010032075,0.0100321,0.0100286,0.0100286,0.0100286
2,15775,4225,0.010047875,0.01004785,0.010047875,0.010012825,0.010012825,0.010012825
2,15800,4200,0.010047925,0.0100479,0.010047925,0.01001275,0.01001275,0.01001275
2,15825,4175,0.010048,0.010048,0.010048,0.010012675,0.010012675,0.010012675
2,15850,4150,0.010048075,0.010048075,0.010048075,0.0100126,0.0100126,0.0100126
2,15875,4125,0.010048175,0.01004815,0.010048175,0.010012525,0.010012525,0.010012525
2,15900,4100,0.010048225,0.010048225,0.010048225,0.01001245,0.01001245,0.01001245
2,15925,4075,0.0100483,0.0100483,0.0100483,0.010012375,0.010012375,0.010012375
2,15950,4050,0.010048375,0.010048375,0.010048375,0.0100123,0.0100123,0.0100123
2,15975,4025,0.010048475,0.01004845,0.010048475,0.010012225,0.010012225,0.010012225
2,16000,4000,0.010048525,0.010048525,0.010048525,0.01001215,0.01001215,0.01001215
2,10600,9400,0.01003215,0.01003215,0.01003215,0.010028525,0.010028525,0.010028525
2,16025,3975,0.010048625,0.0100486,0.010048625,0.010012075,0.010012075,0.010012075
2,16050,3950,0.0100487,0.010048675,0.0100487,0.010012,0.010012,0.010012
2,16075,3925,0.010048775,0.010048775,0.010048775,0.010011925,0.010011925,0.010011925
2,16100,3900,0.010048825,0.010048825,0.010048825,0.01001185,0.01001185,0.01001185
2,16125,3875,0.010048925,0.0100489,0.010048925,0.010011775,0.010011775,0.010011775
2,16150,3850,0.010049,0.010048975,0.010049,0.0100117,0.0100117,0.0100117
2,16175,3825,0.010049075,0.010049075,0.010049075,0.010011625,0.010011625,0.010011625
2,16200,3800,0.010049125,0.010049125,0.010049125,0.01001155,0.01001155,0.01001155
2,16225,3775,0.010049225,0.0100492,0.010049225,0.010011475,0.010011475,0.010011475
2,16250,3750,0.0100493,0.010049275,0.0100493,0.0100114,0.0100114,0.0100114
2,10625,9375,0.010032225,0.010032225,0.010032225,0.01002845,0.01002845,0.01002845
2,16275,3725,0.010049375,0.010049375,0.010049375,0.010011325,0.010011325,0.010011325
2,16300,3700,0.010049425,0.010049425,0.010049425,0.010011225,0.010011225,0.010011225
2,16325,3675,0.010049525,0.010049525,0.010049525,0.01001115,0.01001115,0.01001115
2,16350,3650,0.0100496,0.0100496,0.0100496,0.010011075,0.010011075,0.010011075
2,16375,3625,0.010049675,0.010049675,0.010049675,0.010011025,0.010011,0.010011025
2,16400,3600,0.01004975,0.010049725,0.01004975,0.010010925,0.010010925,0.010010925
2,16425,3575,0.010049825,0.010049825,0.010049825,0.01001085,0.01001085,0.01001085
2,16450,3550,0.0100499,0.0100499,0.0100499,0.010010775,0.010010775,0.010010775
2,16475,3525,0.01005,0.010049975,0.01005,0.0100107,0.0100107,0.0100107
2,16500,3500,0.01005005,0.010050025,0.01005005,0.010010625,0.010010625,0.010010625
2,10650,9350,0.0100323,0.0100323,0.0100323,0.010028375,0.010028375,0.010028375
2,16525,3475,0.010050125,0.010050125,0.010050125,0.01001055,0.01001055,0.01001055
2,16550,3450,0.0100502,0.0100502,0.0100502,0.010010475,0.010010475,0.010010475
2,16575,3425,0.0100503,0.010050275,0.0100503,0.0100104,0.0100104,0.0100104
2,16600,3400,0.01005035,0.01005035,0.01005035,0.010010325,0.010010325,0.010010325
2,16625,3375,0.010050425,0.010050425,0.010050425,0.01001025,0.01001025,0.01001025
2,16650,3350,0.0100505,0.0100505,0.0100505,0.010010175,0.010010175,0.010010175
2,16675,3325,0.0100506,0.010050575,0.0100506,0.0100101,0.0100101,0.0100101
2,16700,3300,0.01005065,0.01005065,0.01005065,0.010010025,0.010010025,0.010010025
2,16725,3275,0.01005075,0.010050725,0.01005075,0.01000995,0.01000995,0.01000995
2,16750,3250,0.010050825,0.0100508,0.010050825,0.010009875,0.010009875,0.010009875
2,10675,9325,0.0100324,0.010032375,0.0100324,0.0100283,0.0100283,0.0100283
2,16775,3225,0.0100509,0.0100509,0.0100509,0.0100098,0.0100098,0.0100098
2,16800,3200,0.01005095,0.01005095,0.01005095,0.010009725,0.010009725,0.010009725
2,16825,3175,0.01005105,0.010051025,0.01005105,0.01000965,0.01000965,0.01000965
2,16850,3150,0.010051125,0.0100511,0.010051125,0.010009575,0.010009575,0.010009575
2,16875,3125,0.0100512,0.0100512,0.0100512,0.0100095,0.0100095,0.0100095
2,16900,3100,0.01005125,0.01005125,0.01005125,0.010009425,0.010009425,0.010009425
2,16925,3075,0.01005135,0.010051325,0.01005135,0.01000935,0.01000935,0.01000935
2,16950,3050,0.010051425,0.0100514,0.010051425,0.010009275,0.010009275,0.010009275
2,16975,3025,0.0100515,0.0100515,0.0100515,0.0100092,0.0100092,0.0100092
2,17000,3000,0.01005155,0.01005155,0.01005155,0.010009125,0.010009125,0.010009125
2,10700,9300,0.01003245,0.01003245,0.01003245,0.010028225,0.010028225,0.010028225
2,17025,2975,0.01005165,0.010051625,0.01005165,0.01000905,0.01000905,0.01000905
2,17050,2950,0.010051725,0.0100517,0.010051725,0.010008975,0.01000895,0.010008975
2,17075,2925,0.0100518,0.0100518,0.0100518,0.0100089,0.010008875,0.0100089
2,17100,2900,0.010051875,0.01005185,0.010051875,0.0100088,0.0100088,0.0100088
2,17125,2875,0.01005195,0.01005195,0.01005195,0.010008725,0.010008725,0.010008725
2,17150,2850,0.010052025,0.010052025,0.010052025,0.01000865,0.01000865,0.01000865
2,17175,2825,0.0100521,0.0100521,0.0100521,0.010008575,0.010008575,0.010008575
2,17200,2800,0.010052175,0.01005215,0.010052175,0.0100085,0.0100085,0.0100085
2,17225,2775,0.01005225,0.01005225,0.01005225,0.010008425,0.010008425,0.010008425
2,17250,2750,0.010052325,0.010052325,0.010052325,0.01000835,0.01000835,0.01000835
2,10725,9275,0.01003255,0.010032525,0.01003255,0.01002815,0.01002815,0.01002815
2,17275,2725,0.010052425,0.0100524,0.010052425,0.010008275,0.010008275,0.010008275
2,17300,2700,0.010052475,0.01005245,0.010052475,0.0100082,0.0100082,0.0100082
2,17325,2675,0.01005255,0.01005255,0.01005255,0.010008125,0.010008125,0.010008125
2,17350,2650,0.010052625,0.010052625,0.010052625,0.01000805,0.01000805,0.01000805
2,17375,2625,0.010052725,0.0100527,0.010052725,0.010007975,0.010007975,0.010007975
2,17400,2600,0.010052775,0.010052775,0.010052775,0.0100079,0.0100079,0.0100079
2,17425,2575,0.01005285,0.01005285,0.01005285,0.010007825,0.010007825,0.010007825
2,17450,2550,0.010052925,0.010052925,0.010052925,0.01000775,0.01000775,0.01000775
2,17475,2525,0.010053025,0.010053,0.010053025,0.010007675,0.010007675,0.010007675
2,17500,2500,0.010053075,0.010053075,0.010053075,0.0100076,0.0100076,0.0100076
2,10750,9250,0.010032625,0.0100326,0.010032625,0.010028075,0.010028075,0.010028075
2,17525,2475,0.010053175,0.01005315,0.010053175,0.010007525,0.010007525,0.010007525
2,17550,2450,0.01005325,0.010053225,0.01005325,0.01000745,0.01000745,0.01000745
2,17575,2425,0.010053325,0.010053325,0.010053325,0.010007375,0.010007375,0.010007375
2,10075,9925,0.010030575,0.010030575,0.010030575,0.010030125,0.010030125,0.010030125
2,17600,2400,0.010053375,0.010053375,0.010053375,0.0100073,0.0100073,0.0100073
2,17625,2375,0.010053475,0.01005345,0.010053475,0.010007225,0.010007225,0.010007225
2,17650,2350,0.01005355,0.010053525,0.01005355,0.01000715,0.01000715,0.01000715
2,17675,2325,0.010053625,0.010053625,0.010053625,0.010007075,0.010007075,0.010007075
2,17700,2300,0.010053675,0.010053675,0.010053675,0.010007,0.010007,0.010007
2,17725,2275,0.010053775,0.01005375,0.010053775,0.010006925,0.010006925,0.010006925
2,17750,2250,0.01005385,0.010053825,0.01005385,0.01000685,0.01000685,0.01000685
2,10775,9225,0.0100327,0.0100327,0.0100327,0.010028,0.010028,0.010028
2,17775,2225,0.010053925,0.010053925,0.010053925,0.010006775,0.010006775,0.010006775
2,17800,2200,0.010053975,0.010053975,0.010053975,0.010006675,0.010006675,0.010006675
2,17825,2175,0.010054075,0.010054075,0.010054075,0.010006625,0.0100066,0.010006625
2,17850,2150,0.01005415,0.01005415,0.01005415,0.010006525,0.010006525,0.010006525
2,17875,2125,0.010054225,0.010054225,0.010054225,0.010006475,0.01000645,0.010006475
2,17900,2100,0.0100543,0.010054275,0.0100543,0.010006375,0.010006375,0.010006375
2,17925,2075,0.010054375,0.010054375,0.010054375,0.0100063,0.0100063,0.0100063
2,17950,2050,0.01005445,0.01005445,0.01005445,0.010006225,0.010006225,0.010006225
2,17975,2025,0.01005455,0.010054525,0.01005455,0.01000615,0.01000615,0.01000615
2,18000,2000,0.0100546,0.010054575,0.0100546,0.010006075,0.010006075,0.010006075
2,10800,9200,0.01003275,0.01003275,0.01003275,0.010027925,0.010027925,0.010027925
2,18025,1975,0.010054675,0.010054675,0.010054675,0.010006,0.010006,0.010006
2,18050,1950,0.01005475,0.01005475,0.01005475,0.010005925,0.010005925,0.010005925
2,18075,1925,0.01005485,0.010054825,0.01005485,0.01000585,0.01000585,0.01000585
2,18100,1900,0.0100549,0.0100549,0.0100549,0.010005775,0.010005775,0.010005775
2,18125,1875,0.010054975,0.010054975,0.010054975,0.0100057,0.0100057,0.0100057
2,18150,1850,0.01005505,0.01005505,0.01005505,0.010005625,0.010005625,0.010005625
2,18175,1825,0.01005515,0.010055125,0.01005515,0.01000555,0.01000555,0.01000555
2,10825,9175,0.01003285,0.010032825,0.01003285,0.01002785,0.01002785,0.01002785
2,10850,9150,0.010032925,0.0100329,0.010032925,0.010027775,0.010027775,0.010027775
2,10875,9125,0.010033,0.010033,0.010033,0.0100277,0.0100277,0.0100277
2,10900,9100,0.01003305,0.01003305,0.01003305,0.010027625,0.010027625,0.010027625
2,10925,9075,0.01003315,0.010033125,0.01003315,0.01002755,0.01002755,0.01002755
2,10950,9050,0.010033225,0.0100332,0.010033225,0.010027475,0.010027475,0.010027475
2,10975,9025,0.0100333,0.0100333,0.0100333,0.0100274,0.0100274,0.0100274
2,10100,29900,0.010030675,0.01003065,0.010030675,0.0,0.0100907,0.0
2,10125,29875,0.0100307,0.0100307,0.0100307,0.010185975,0.010090625,0.010185975
2,10150,29850,0.010030775,0.010030775,0.010030775,0.010185825,0.01009055,0.010185825
2,10175,29825,0.01003085,0.01003085,0.01003085,0.010185675,0.010090475,0.010185675
2,10200,29800,0.010030925,0.010030925,0.010030925,0.0101855,0.0100904,0.0101855
2,10225,29775,0.01003105,0.010031025,0.01003105,0.0,0.010090325,0.0
2,10250,29750,0.010031075,0.010031075,0.010031075,0.0101852,0.01009025,0.0101852
2,10025,29975,0.0100304,0.0100304,0.0100304,0.0101866,0.010090925,0.0101866
2,10275,29725,0.01003115,0.01003115,0.01003115,0.01018505,0.01009015,0.01018505
2,10300,29700,0.01003125,0.010031225,0.01003125,0.010184875,0.010090075,0.010184875
2,10325,29675,0.0100313,0.0100313,0.0100313,0.010184725,0.01009,0.010184725
2,10350,29650,0.010031425,0.0100314,0.010031425,0.0,0.01008995,0.0
2,10375,29625,0.010031475,0.01003145,0.010031475,0.010184425,0.01008985,0.010184425
2,10400,29600,0.01003155,0.010031525,0.01003155,0.010184275,0.010089775,0.010184275
2,10425,29575,0.010031625,0.0100316,0.010031625,0.0101841,0.0100897,0.0101841
2,10450,29550,0.0100317,0.010031675,0.0100317,0.01018395,0.010089625,0.01018395
2,10475,29525,0.0100318,0.010031775,0.0100318,0.0,0.010089575,0.0
2,10500,29500,0.01003185,0.010031825,0.01003185,0.01018365,0.010089475,0.01018365
2,10050,29950,0.010030475,0.010030475,0.010030475,0.01018645,0.01009085,0.01018645
2,10525,29475,0.010031925,0.0100319,0.010031925,0.0101835,0.0100894,0.0101835
2,10550,29450,0.010032,0.010032,0.010032,0.010183325,0.010089325,0.010183325
2,10575,29425,0.010032075,0.010032075,0.010032075,0.010183175,0.01008925,0.010183175
2,10600,29400,0.010032175,0.010032175,0.010032175,0.0,0.0100892,0.0
2,10625,29375,0.010032225,0.010032225,0.010032225,0.010182875,0.0100891,0.010182875
2,10650,29350,0.0100323,0.0100323,0.0100323,0.010182725,0.010089025,0.010182725
2,10675,29325,0.010032375,0.010032375,0.010032375,0.01018255,0.01008895,0.01018255
2,10700,29300,0.01003245,0.01003245,0.01003245,0.0101824,0.010088875,0.0101824
2,10075,29925,0.01003055,0.01003055,0.01003055,0.010186275,0.010090775,0.010186275
